Titre	Identifiant sur Gallica	Date	Nom de l'auteur	Prénom de l'auteur	Nombre de segments de 1000 mots classés comme « érotiques »	Proportion de segments
L'armée de volupté	https://gallica.bnf.fr/ark:/12148/bpt6k11747749	1900	Le Nismois	none	17	85
A cœur perdu	https://gallica.bnf.fr/ark:/12148/bpt6k5839175m	1888	Peladan	Joséphin	10	83
Les chansons de Bilitis	https://gallica.bnf.fr/ark:/12148/bpt6k9603434c	1900	Louÿs	Pierre	9	75
Point de lendemain	https://gallica.bnf.fr/ark:/12148/bpt6k5832067j	1800	Denon	Dominique-Vivant	8	73
Lila et Colette	https://gallica.bnf.fr/ark:/12148/bpt6k6527606p	1891	Mendès	Catulle	16	70
Eglai ou Amour et plaisir	https://gallica.bnf.fr/ark:/12148/bpt6k200950w	1883	Legay	Louis-Pierre-Prudent	13	68
Confidences d'une jeune fille, par Mme Caroline Falaize,...	https://gallica.bnf.fr/ark:/12148/bpt6k11887935	1850	Falaize	Caroline	15	68
John Moore , par le Cte César Du Bouchet	https://gallica.bnf.fr/ark:/12148/bpt6k54852576	1819	Du Bouchet	César	10	67
Les soupers de Daphné	https://gallica.bnf.fr/ark:/12148/bpt6k2066366	1886	Meusnier de Querlon	Anne-Gabriel	14	67
Le hazard du coin du feu	https://gallica.bnf.fr/ark:/12148/bpt6k6552148k	1880	Crébillon	Claude-Prosper Jolyot de	12	63
L'amour saphique à travers les âges et les êtres	https://gallica.bnf.fr/ark:/12148/bpt6k6353435t	1906	none	none	21	62
Oeuvres de Prévost...	https://gallica.bnf.fr/ark:/12148/bpt6k3045462q	1823	Prévost	Antoine François	25	61
Édouard et Malvina, par Mlle Adélaïde Gory-Decour,...	https://gallica.bnf.fr/ark:/12148/bpt6k55056477	1824	Gory-Decour	Adélaïde	9	60
Le voluptueux voyage, ou Les pèlerines de Venise	https://gallica.bnf.fr/ark:/12148/bpt6k106831q	1906	Ginko et Biloba	none	13	59
Psaphion, ou La courtisane de Smyrne	https://gallica.bnf.fr/ark:/12148/bpt6k96713224	1884	Meusnier de Querlon	Anne-Gabriel	10	59
Douces amies	https://gallica.bnf.fr/ark:/12148/bpt6k54479915	1900	Émery	René	27	59
Madame Putiphar	https://gallica.bnf.fr/ark:/12148/bpt6k61078486	1877	Borel	Pétrus	18	58
Le roman des romans	https://gallica.bnf.fr/ark:/12148/bpt6k54906097	1837	Creuzé de Lesser	Auguste	15	58
Fortune et revers, ou L'aventurier portugais . Par L.-T. Gilbert	https://gallica.bnf.fr/ark:/12148/bpt6k5497030r	1824	Gilbert	L. T.	9	56
Histoire de Manon Lescaut et du chevalier Des Grieux	https://gallica.bnf.fr/ark:/12148/bpt6k9624780h	1874	Prévost	Antoine François	10	56
Païenne	https://gallica.bnf.fr/ark:/12148/bpt6k4112668	1883	Adam	Juliette	11	55
Lettres secrettes et amoureuses de deux personnages célèbres de nos jours	https://gallica.bnf.fr/ark:/12148/bpt6k57349656	1817	Carnot	Lazare	12	55
Agathocles, ou Lettres écrites de Rome et de Grèce au commencement du quatrième siècle, traduites de l'allemand de Mad. Pichler par Mme Isabelle de Montolieu. Troisième édition, revue, corrigée, et ornée de quatre gravures	https://gallica.bnf.fr/ark:/12148/bpt6k56196596	1817	Pichler	Caroline	15	54
Une femme m'apparut...	https://gallica.bnf.fr/ark:/12148/bpt6k113413z	1904	Vivien	Renée	8	53
Toutes-les-amoureuses	https://gallica.bnf.fr/ark:/12148/bpt6k9603836k	1886	Mendès	Catulle	32	52
Louise et Cécile , par Mme S***	https://gallica.bnf.fr/ark:/12148/bpt6k6352828r	1822	Sirey	Joséphine de Lasteyrie Du Saillant	11	52
La tunique de Nessus	https://gallica.bnf.fr/ark:/12148/bpt6k1167063r	1900	Le Nismois	none	15	52
Clémentine orpheline et androgyne, ou Les caprices de la nature et de la fortune , par P. Cuisin	https://gallica.bnf.fr/ark:/12148/bpt6k117453f	1820	Cuisin	J.-P.-R.	14	50
Daria, par Mme la Bonne M.-R. Du Saule	https://gallica.bnf.fr/ark:/12148/bpt6k5628921r	1836	Du Saule	M.-R.	8	50
Histoire amoureuse d'Abailard et d'Héloïse suivie de leurs lettres traduites en vers par nos meilleurs poètes	https://gallica.bnf.fr/ark:/12148/bpt6k6360731j	1820	none	none	7	50
Les Dix-sept mariages, ou la Colonie du bonheur, par M. Labenette	https://gallica.bnf.fr/ark:/12148/bpt6k56673469	1805	Labenette	none	8	50
Les moeurs	https://gallica.bnf.fr/ark:/12148/bpt6k5471386r	1834	Ducange	Victor	5	50
Marianna	https://gallica.bnf.fr/ark:/12148/bpt6k57017613	1839	Sandeau	Jules	9	50
Mes vingt ans de folie, d'amour et de bonheur, ou Mémoires d'un abbé petit-maître ... publiés par un de ses amis	https://gallica.bnf.fr/ark:/12148/bpt6k130578w	1807	Caillot	Antoine	8	50
Revanche de femme	https://gallica.bnf.fr/ark:/12148/bpt6k5566792c	1869	Blandy	Stella	15	50
Victorien Du Saussay,.. Perverse	https://gallica.bnf.fr/ark:/12148/bpt6k9620650s	1896	Du Saussay	Victorien	21	50
Vierges en fleur, roman passionnel	https://gallica.bnf.fr/ark:/12148/bpt6k5445009b	1902	Émery	René	9	50
Vingt ans de folie, par M. Athier [Athanase Garnier]	https://gallica.bnf.fr/ark:/12148/bpt6k56613184	1823	Garnier-Audiger	Athanase	7	50
Histoire de Manon Lescaut et du chevalier Des Grieux	https://gallica.bnf.fr/ark:/12148/bpt6k96180765	1874	Prévost	Antoine François	25	48
Isaure et le château de Montâne : Traduit du languedocien, par l'auteur du Marchand forain...	https://gallica.bnf.fr/ark:/12148/bpt6k55510123	1816	Legay	Louis-Pierre-Prudent	10	48
Typhonia	https://gallica.bnf.fr/ark:/12148/bpt6k58417082	1892	Peladan	Joséphin	20	48
Édouard et Malvina, par Mlle Adélaïde Gory-Decour,...	https://gallica.bnf.fr/ark:/12148/bpt6k5512564r	1824	Gory-Decour	Adélaïde	7	47
Jupe courte	https://gallica.bnf.fr/ark:/12148/bpt6k9404726	1891	Mendès	Catulle	12	46
Les rencontres du Palais-Royal, aventures galantes	https://gallica.bnf.fr/ark:/12148/bpt6k6461149q	1803	none	none	6	46
Eglai ou Amour et plaisir	https://gallica.bnf.fr/ark:/12148/bpt6k200952n	1883	Legay	Louis-Pierre-Prudent	10	45
Elise et Céline ou Une véritable amie	https://gallica.bnf.fr/ark:/12148/bpt6k64328c	1884	Roy	Just-Jean-Étienne	5	45
Eveline	https://gallica.bnf.fr/ark:/12148/bpt6k935076m	1892	none	none	5	45
Les puritains de Paris	https://gallica.bnf.fr/ark:/12148/bpt6k9692420h	1860	Bocage	Paul	5	45
Confidences d'hommes	https://gallica.bnf.fr/ark:/12148/bpt6k9602975q	1894	Le Roux	Hugues	14	45
Jupe courte	https://gallica.bnf.fr/ark:/12148/bpt6k96026659	1885	Mendès	Catulle	9	45
La Bonne aventure, par Eugène Sue	https://gallica.bnf.fr/ark:/12148/bpt6k57496791	1851	Sue	Eugène	8	44
Petites âmes	https://gallica.bnf.fr/ark:/12148/bpt6k201023g	1901	Acker	Paul	8	44
Contes de la vingtième année	https://gallica.bnf.fr/ark:/12148/bpt6k97756781	1896	Uzanne	Octave	23	44
Le hasard du coin du feu	https://gallica.bnf.fr/ark:/12148/bpt6k65574092	1881	Crébillon	Claude-Prosper Jolyot de	7	44
Sara, ou L'amour à quarante-cinq ans	https://gallica.bnf.fr/ark:/12148/bpt6k6209221b	1885	Rétif de La Bretonne	Nicolas-Edme	24	44
Le bourreau de Rome	https://gallica.bnf.fr/ark:/12148/bpt6k63622835	1836	Roch	Eugène	10	43
Prévention et dévouement, ou Lettres d'une jeune personne à son institutrice	https://gallica.bnf.fr/ark:/12148/bpt6k9606571x	1854	Manceau	Adélaïde	13	43
Élisa de Mérival, ou Mémoires d'une jeune femme , par le comte César Du Bouchet,...	https://gallica.bnf.fr/ark:/12148/bpt6k5473762b	1821	Du Bouchet	César	6	43
Histoires gaies	https://gallica.bnf.fr/ark:/12148/bpt6k207009q	1895	Silvestre	Armand	6	43
Les confessions de Clémentine ,  écrites par elle-même,  suivies d'Osmin et Azéma nouvelle espagnole	https://gallica.bnf.fr/ark:/12148/bpt6k5471509n	1817	none	none	6	43
Lulu, roman clownesque	https://gallica.bnf.fr/ark:/12148/bpt6k6229486x	1900	Champsaur	Félicien	12	43
Orgueil et amour, par Henri Spiegel	https://gallica.bnf.fr/ark:/12148/bpt6k5626936k	1838	Spiegel	Henry	6	43
Virginie, ou L'enthousiasme de l'honneur , tiré de l'Histoire romaine, avec des notes, par Mme Élisabeth C***	https://gallica.bnf.fr/ark:/12148/bpt6k56231646	1822	Bayle-Mouillard	Élisabeth-Félicie	6	43
La Borne,... par E. Arthaud,...	https://gallica.bnf.fr/ark:/12148/bpt6k56744749	1833	Arthaud	E.	8	42
Lettres de femmes	https://gallica.bnf.fr/ark:/12148/bpt6k65391360	1881	Bressant	Alix	8	42
Contes de Charles Nodier	https://gallica.bnf.fr/ark:/12148/bpt6k948716s	1864	Nodier	Charles	10	42
La naïade	https://gallica.bnf.fr/ark:/12148/bpt6k9605461w	1890	Larocque	Jean	20	42
Les fameuses Bêtes du Bonhomme	https://gallica.bnf.fr/ark:/12148/bpt6k54963752	1869	Franceschi	G.	5	42
Eglai ou Amour et plaisir	https://gallica.bnf.fr/ark:/12148/bpt6k2009518	1883	Legay	Louis-Pierre-Prudent	7	41
Oeuvres complètes de H. de Balzac	https://gallica.bnf.fr/ark:/12148/bpt6k6124247b	1874	Balzac	Honoré de	30	41
Deux bijoux, par Mlle Zénaïde Fleuriot	https://gallica.bnf.fr/ark:/12148/bpt6k5705994d	1869	Fleuriot	Zénaïde	9	41
Jacques Bernys	https://gallica.bnf.fr/ark:/12148/bpt6k9602880p	1892	Spronck	Maurice	20	41
La bouche de Mme X***	https://gallica.bnf.fr/ark:/12148/bpt6k65555781	1885	Belot	Adolphe	15	41
Oeuvres complètes de M. de Balzac	https://gallica.bnf.fr/ark:/12148/bpt6k6116517k	1842	Balzac	Honoré de	31	40
Contes de Boccace	https://gallica.bnf.fr/ark:/12148/bpt6k6214584m	1861	Boccace	none	94	40
Confessions d'une repentie, écrites par elle-même	https://gallica.bnf.fr/ark:/12148/bpt6k54468792	1887	none	none	6	40
Édouard et Malvina, par Mlle Adélaïde Gory-Decour,...	https://gallica.bnf.fr/ark:/12148/bpt6k5505641r	1824	Gory-Decour	Adélaïde	6	40
Éloge de la folie d'Érasme	https://gallica.bnf.fr/ark:/12148/bpt6k64866521	1876	Érasme	none	8	40
Folie et raison . Tome premier. [-II.]	https://gallica.bnf.fr/ark:/12148/bpt6k57220478	1815	Brissot de Warville	Anacharsis	6	40
La chapelle d'Ayton, ou Emma Courtney . Nouvelle édition...	https://gallica.bnf.fr/ark:/12148/bpt6k132903c	1810	Hays	Mary	6	40
Les bons enfants	https://gallica.bnf.fr/ark:/12148/bpt6k65779953	1863	Ségur	Sophie de	6	40
Les trois filles de la veuve , par Victor Ducange,...	https://gallica.bnf.fr/ark:/12148/bpt6k54823388	1826	Ducange	Victor	6	40
Oeuvres de Prévost...	https://gallica.bnf.fr/ark:/12148/bpt6k30421405	1823	Prévost	Antoine François	18	40
Scandales mondains	https://gallica.bnf.fr/ark:/12148/bpt6k69071w	1888	Stapleaux	Léopold	8	40
Contes de Boccace	https://gallica.bnf.fr/ark:/12148/bpt6k54521699	1850	Boccace	none	45	39
Agathocle, ou Lettres écrites de Rome et de Grèce au commencement du quatrième siècle, traduites de l'allemand de Mme Pichler, par Mme Isabelle de Montolieu	https://gallica.bnf.fr/ark:/12148/bpt6k5469868r	1812	Pichler	Caroline von Greiner, Mme	7	39
Eléonore de Fioretti	https://gallica.bnf.fr/ark:/12148/bpt6k57217140	1823	Denormandie	A.-J.	7	39
Le Château de Valmire, ou Pauline et Théodore, par Mlle Vanhove (Mlle Carreau)...	https://gallica.bnf.fr/ark:/12148/bpt6k5624730s	1821	Carreau	Mlle	7	39
Oeuvres complètes de Mme Cottin	https://gallica.bnf.fr/ark:/12148/bpt6k5475090v	1823	Cottin	Sophie	7	39
Stanislas , par Charlotte Bournon Malarme,...	https://gallica.bnf.fr/ark:/12148/bpt6k5564584h	1811	Malarme	Charlotte de Bournon	7	39
Arthur, par Eugène Sue...	https://gallica.bnf.fr/ark:/12148/bpt6k5622722m	1845	Sue	Eugène	10	38
La séductrice	https://gallica.bnf.fr/ark:/12148/bpt6k6556431k	1882	Toudouze	Gustave	10	38
Vingt ans de folie, par M. Athier [Athanase Garnier]	https://gallica.bnf.fr/ark:/12148/bpt6k5662067w	1823	Garnier-Audiger	Athanase	5	38
L'art d'aimer ou Conseils à un jeune homme qui se destine à l'amour	https://gallica.bnf.fr/ark:/12148/bpt6k58175856	1894	Mendès	Catulle	8	38
Le Médecin de la cité, par Maximilien Perrin	https://gallica.bnf.fr/ark:/12148/bpt6k5620230t	1846	Perrin	Maximilien	6	37500
Les contes drolatiques colligez ez abbayes de Touraine et mis en lumière par le sieur de Balzac pour l'esbattement des pantagruélistes et non aultres	https://gallica.bnf.fr/ark:/12148/btv1b8600226g	1855	Balzac	Honoré de	6	37500
Pour lire au bain	https://gallica.bnf.fr/ark:/12148/bpt6k9462939	1888	Mendès	Catulle	6	37500
A cœur perdu	https://gallica.bnf.fr/ark:/12148/bpt6k97349955	1888	Peladan	Joséphin	22	37
Arthur	https://gallica.bnf.fr/ark:/12148/bpt6k6557537q	1838	Sue	Eugène	10	37
Contes de Boccace	https://gallica.bnf.fr/ark:/12148/bpt6k54526305	1847	Boccace	none	46	36
Eugène de Rothelin , par l'auteur d'Adèle de Sénange [Mme de Souza]	https://gallica.bnf.fr/ark:/12148/bpt6k6119709n	1810	Auteur d'Adèle de Sénange	L'	5	36
L'Homme sans nom...	https://gallica.bnf.fr/ark:/12148/bpt6k14127221	1844	Touchard-Lafosse	Georges	10	36
Henriette et Sophie, ou La force des circonstances , par J.-R. R...	https://gallica.bnf.fr/ark:/12148/bpt6k61174646	1804	Ronden	Joseph Raoul	6	35
La princesse de Chypre , roman historique, par Ursula Scheulterie (Mme Mélanie de Boileau)	https://gallica.bnf.fr/ark:/12148/bpt6k58191418	1807	Boileau	Mélanie de	6	35
Un amour en diligence	https://gallica.bnf.fr/ark:/12148/bpt6k6348073d	1853	Desnoiresterres	Gustave Le Brisoys	6	35
Oeuvres complètes de H. de Balzac	https://gallica.bnf.fr/ark:/12148/bpt6k6124581d	1874	Balzac	Honoré de	34	35
Le diable amoureux	https://gallica.bnf.fr/ark:/12148/bpt6k65589256	1883	Cazotte	Jacques	7	35
Suzanne la Doctoresse. Illustrations de Rousseau	https://gallica.bnf.fr/ark:/12148/bpt6k5778695n	1903	Vitis	Charles de	7	35
Amante et mère, par P.-L. Jacob, bibliophile	https://gallica.bnf.fr/ark:/12148/bpt6k5652044m	1839	Lacroix	Paul	8	35
Confidences d'une jeune fille, par Mme Caroline Falaize,...	https://gallica.bnf.fr/ark:/12148/bpt6k1188794k	1850	Falaize	Caroline	8	35
Le Barbier de Paris, par Ch.-Paul de Kock. [Une maison où l'on a peur.]	https://gallica.bnf.fr/ark:/12148/bpt6k58417727	1850	Kock	Paul de	16	35
Mâle et femelle	https://gallica.bnf.fr/ark:/12148/bpt6k6468105q	1876	Glady	Albéric	8	35
Jouir	https://gallica.bnf.fr/ark:/12148/bpt6k57504614	1875	Glady	Albéric	9	35
L'envers des feuilles	https://gallica.bnf.fr/ark:/12148/bpt6k96013011	1888	Mendès	Catulle	9	35
Les grisettes vengées	https://gallica.bnf.fr/ark:/12148/bpt6k5427150x	1838	Vaucher	Jean-Baptiste de	13	34
Oeuvres complètes de M. de Balzac	https://gallica.bnf.fr/ark:/12148/bpt6k6116621t	1842	Balzac	Honoré de	30	34
Asléga, ou L'infortune secourue par Napoléon	https://gallica.bnf.fr/ark:/12148/bpt6k63791712	1831	Montovar	Mme Ha Dges	5	33
Campagnes de l'abbé Poulet, en Espagne, pendant les années 1809, 1810 et 1811 ; publiées par J.-B. Picquenard...	https://gallica.bnf.fr/ark:/12148/bpt6k5624802t	1815	Picquenard	Jean-Baptiste	7	33
Contes à la comtesse...	https://gallica.bnf.fr/ark:/12148/bpt6k14106986	1885	Silvestre	Armand	6	33
Déraillés et déclassés	https://gallica.bnf.fr/ark:/12148/bpt6k9691663n	1873	Rousset	Alexis	8	33
Élisa de Mérival, ou Mémoires d'une jeune femme , par le comte César Du Bouchet,...	https://gallica.bnf.fr/ark:/12148/bpt6k5485587c	1821	Du Bouchet	César	5	33
Entre Bicêtre et Charenton. Les Aventures d'un notaire. La Légende du Monsieur qui avait le frisson. Petits Contes fantastiques avec ou sans moralité. Avec une préface de M. Henri Rochefort	https://gallica.bnf.fr/ark:/12148/bpt6k5567585v	1866	Blum	Ernest	5	33
Histoires belles et honnestes	https://gallica.bnf.fr/ark:/12148/bpt6k6566474m	1883	Silvestre	Armand	12	33
L'obstacle	https://gallica.bnf.fr/ark:/12148/bpt6k64940175	1879	Bentzon	Thérèse	5	33
La Comtesse de Rudolstadt	https://gallica.bnf.fr/ark:/12148/bpt6k1040540h	1844	Sand	George	6	33
La Sainte Ligue, ou la Mouche, pour servir de suite aux Annales du fanatisme, de la superstition et de l'hypocrisie, par Pigault-Lebrun,...	https://gallica.bnf.fr/ark:/12148/bpt6k5737110d	1829	Pigault-Lebrun	none	6	33
Le baigneur de Dieppe	https://gallica.bnf.fr/ark:/12148/bpt6k9619301s	1846	Beauvoir	Roger de	9	33
Le Poète et l'homme positif, ou Deux faces de la vie, roman de moeurs, par Touchard-Lafosse,...	https://gallica.bnf.fr/ark:/12148/bpt6k56293106	1840	Touchard-Lafosse	Georges	7	33
Le temple de Gnide	https://gallica.bnf.fr/ark:/12148/bpt6k5551037x	1881	Montesquieu	none	5	33
Les bizarreries de l'amour ou Angèle	https://gallica.bnf.fr/ark:/12148/bpt6k6312562n	1863	none	none	6	33
Modestie et vanité	https://gallica.bnf.fr/ark:/12148/bpt6k61451614	1902	Peladan	Joséphin	9	33
Oeuvres complètes du Cte Xavier de Maistre, nouvelle édition : Voyage autour de ma chambre ; Expédition nocturne ; le Lépreux de la cité d'Aoste ; les Prisonniers du Caucase : la Jeune Sibérienne	https://gallica.bnf.fr/ark:/12148/bpt6k58079696	1844	Maistre	Xavier de	11	33
Or et misère, par Moléri	https://gallica.bnf.fr/ark:/12148/bpt6k1414399t	1865	Demolière	Hippolyte-Jules	8	33
Un amant trop aimé, par Maximilien Perrin	https://gallica.bnf.fr/ark:/12148/bpt6k5625635t	1862	Perrin	Maximilien	5	33
Une pythonisse contemporaine	https://gallica.bnf.fr/ark:/12148/bpt6k5475274f	1835	Delestre	Caroline	5	33
Voyage autour de ma chambre	https://gallica.bnf.fr/ark:/12148/bpt6k64952479	1878	Maistre	Xavier de	7	33
Oeuvres complètes de M. de Balzac	https://gallica.bnf.fr/ark:/12148/bpt6k6135205k	1842	Balzac	Honoré de	36	33
Oeuvres complètes de M. de Balzac	https://gallica.bnf.fr/ark:/12148/bpt6k61165432	1842	Balzac	Honoré de	32	33
Grandeur de la vie privée	https://gallica.bnf.fr/ark:/12148/bpt6k5718261t	1838	Fortoul	Hippolyte	11	32
Monstres parisiens	https://gallica.bnf.fr/ark:/12148/bpt6k6566347c	1885	Mendès	Catulle	11	32
Khadidja	https://gallica.bnf.fr/ark:/12148/bpt6k6491657t	1877	Jérusalemy	F.	8	32
La bouche de madame X...	https://gallica.bnf.fr/ark:/12148/bpt6k5496877m	1890	Belot	Adolphe	16	32
Le Décaméron, ou Les dix journées galantes	https://gallica.bnf.fr/ark:/12148/bpt6k6336854x	1846	Boccace	none	38	32
Le Songe de Poliphile, ou Hypnérotomachie de frère Francesco Colonna, littéralement traduit pour la première fois, avec une introduction et des notes, par Claudius Popelin,...	https://gallica.bnf.fr/ark:/12148/bpt6k1073368n	1883	Colonna	Francesco	14	32
Vie et amours de Marion Delorme, contenant l'histoire de ses liaisons , roman historique écrit par elle-même et publié par M. de Faverolles	https://gallica.bnf.fr/ark:/12148/bpt6k55685462	1822	Méré	Élisabeth Brossin de	7	32
Agathocle, ou Lettres écrites de Rome et de Grèce au commencement du quatrième siècle, traduites de l'allemand de Mme Pichler, par Mme Isabelle de Montolieu	https://gallica.bnf.fr/ark:/12148/bpt6k5464329c	1812	Pichler	Caroline von Greiner, Mme	6	32
Brasserie du Lapin	https://gallica.bnf.fr/ark:/12148/bpt6k9600510c	1885	Aymé-Martin	Albert	12	32
Isabelle Ducos, histoire parisienne	https://gallica.bnf.fr/ark:/12148/bpt6k5609403v	1875	Nigoul	Toussaint	6	32
Nathalie	https://gallica.bnf.fr/ark:/12148/bpt6k6211359x	1888	Colombier	Marie	6	32
Sophie de Listenai, ou Aventures et voyages d'une émigrée française en Allemagne et en Prusse , publiés par L. Bilderbeck le jeune	https://gallica.bnf.fr/ark:/12148/bpt6k4226164z	1807	Bilderbeck	Ludwig J. von	6	32
Mémoires d'une célèbre courtisane des environs du Palais-Royal, ou Vie et aventures de Mlle Pauline, surnommée la Veuve de la Grande armée	https://gallica.bnf.fr/ark:/12148/bpt6k64416880	1833	Eliçagaray	Edouard d'	11	31
Hubert, ou Le Gil Blas parisien . Par M. Quantin	https://gallica.bnf.fr/ark:/12148/bpt6k5735162h	1825	Quantin	Joseph	5	31
Le roman de l'amour	https://gallica.bnf.fr/ark:/12148/bpt6k54884053	1862	Claude	François	5	31
Les Jolies Parisiennes , par Mme Adèle de **	https://gallica.bnf.fr/ark:/12148/bpt6k5661321m	1822	Reiset	Adèle de	5	31
Lydie, ou La créole , par Mme Adèle Daminois...	https://gallica.bnf.fr/ark:/12148/bpt6k54714188	1824	Daminois	Adèle	5	31
Oeuvres complètes de H. de Balzac	https://gallica.bnf.fr/ark:/12148/bpt6k9601293x	1869	Balzac	Honoré de	30	31
Nouvelles morales, par Mme la Ctesse de La Rochère	https://gallica.bnf.fr/ark:/12148/bpt6k930280x	1854	La Rochère	Eugénie Dutheil de	9	31
Oeuvres de Prévost...	https://gallica.bnf.fr/ark:/12148/bpt6k3042038r	1823	Prévost	Antoine François	9	31
Mon voisin Raymond, par Ch.-Paul de Kock... [Le Maître d'école de Couberon. Les Enfants de Marie.]	https://gallica.bnf.fr/ark:/12148/bpt6k5842736p	1849	Kock	Paul de	21	31
Gauloiseries et calembredaines	https://gallica.bnf.fr/ark:/12148/bpt6k80322r	1882	Lucien	Henry	8	31
Un Mari mystifié, par Mme Olympe Audouard	https://gallica.bnf.fr/ark:/12148/bpt6k5619113g	1863	Audouard	Olympe	8	31
Oeuvres complètes de M. de Balzac	https://gallica.bnf.fr/ark:/12148/bpt6k61165647	1842	Balzac	Honoré de	27	31
Contes grassouillets...	https://gallica.bnf.fr/ark:/12148/bpt6k6572311s	1883	Silvestre	Armand	10	30
Amour, amour !...	https://gallica.bnf.fr/ark:/12148/bpt6k9601618b	1886	Malic	Jean	6	30
Cherchez la femme	https://gallica.bnf.fr/ark:/12148/bpt6k6572145w	1883	Matthey	A.	9	30
Claire d'Albe	https://gallica.bnf.fr/ark:/12148/bpt6k803740	1885	Cottin	Sophie	9	30
Confidences de jeune fille	https://gallica.bnf.fr/ark:/12148/bpt6k5493791m	1898	Joliclerc	Eugène	9	30
Le diable amoureux	https://gallica.bnf.fr/ark:/12148/bpt6k64959840	1877	Cazotte	Jacques	6	30
Les confessions de Clémentine ,  écrites par elle-même,  suivies d'Osmin et Azéma nouvelle espagnole	https://gallica.bnf.fr/ark:/12148/bpt6k5471527k	1817	none	none	6	30
Les femmes , roman dialogué de Carmontelle,... avec un avant-propos par M. Picard...	https://gallica.bnf.fr/ark:/12148/bpt6k5550949x	1825	Carmontelle	none	6	30
Montferrat	https://gallica.bnf.fr/ark:/12148/bpt6k5448005m	1889	Belz de Villas	none	6	30
Virginie, ou L'enthousiasme de l'honneur , tiré de l'Histoire romaine, avec des notes, par Mme Élisabeth C***	https://gallica.bnf.fr/ark:/12148/bpt6k57372115	1822	Bayle-Mouillard	Élisabeth-Félicie	6	30
Adhémar de Belcastel, ou Ne jugez pas sans connaître	https://gallica.bnf.fr/ark:/12148/bpt6k5652274f	1883	Gaulle	Joséphine-Marie de	10	29
Comment on tue les femmes, étude de moeurs, par H. Gourdon de Genouillac	https://gallica.bnf.fr/ark:/12148/bpt6k5786013c	1865	Gourdon de Genouillac	Henri	5	29
L'Amant de ma femme, roman de moeurs, par Maximilien Perrin	https://gallica.bnf.fr/ark:/12148/bpt6k56207450	1838	Perrin	Maximilien	10	29
La Neuvaine de Colette...	https://gallica.bnf.fr/ark:/12148/bpt6k5804848r	1891	Schultz	Jeanne	5	29
Les mystères de la cour de Londres	https://gallica.bnf.fr/ark:/12148/bpt6k56195645	1866	Reynolds	George W. M.	10	29
Lettres de Mr de Fronsac, fils du duc de Richelieu, au chevalier Dumas, ou Son histoire de quelques mois à la cour de Russie , publiée par V.-R. Barbet	https://gallica.bnf.fr/ark:/12148/bpt6k6275183s	1801	Barbet Du Bertrand	Vincent-René	5	29
Souvenirs de Charmante, par Mme de Villeblanche,...	https://gallica.bnf.fr/ark:/12148/bpt6k5607617z	1865	Villeblanche	Mme de	5	29
Vierges et courtisanes, par Jules de Saint-Félix (Félix d'Amoreux...)	https://gallica.bnf.fr/ark:/12148/bpt6k56965683	1837	Saint-Félix	Jules de	5	29
Sophie de Listenai, ou Aventures et voyages d'une émigrée française en Allemagne et en Prusse , publiés par L. Bilderbeck le jeune	https://gallica.bnf.fr/ark:/12148/bpt6k4226622b	1807	Bilderbeck	Ludwig J. von	7	29
Tout chemin mène à Rome	https://gallica.bnf.fr/ark:/12148/bpt6k96124135	1844	Arnould	Auguste	7	29
Adolphe	https://gallica.bnf.fr/ark:/12148/bpt6k6319469c	1867	Constant	Benjamin	15	29
Agathe, ou la Destinée, par M. Legay	https://gallica.bnf.fr/ark:/12148/bpt6k9464873	1823	Legay	Louis-Pierre-Prudent	6	29
Coralie, ou Le danger de l'exaltation chez les femmes ; par Mme Caroline Pichler; traduction libre de Mme Élise Voïart	https://gallica.bnf.fr/ark:/12148/bpt6k64644132	1820	Pichler	Caroline von Greiner, Mme	6	29
La dame de Monsoreau	https://gallica.bnf.fr/ark:/12148/bpt6k63440483	1846	Dumas	Alexandre	6	29
Le dernier d'Egmont	https://gallica.bnf.fr/ark:/12148/bpt6k5686515p	1851	Rockingham	Charles	8	29
Le tyran domestique , par Coudurier,...	https://gallica.bnf.fr/ark:/12148/bpt6k5471419p	1828	Coudurier	none	6	29
Mémoires d'une religieuse	https://gallica.bnf.fr/ark:/12148/bpt6k55342051	1879	Soeur X	La	8	29
Yvonne ;  : Yvonne ; Histoire d'une jeune fille ; La princesse d'Élide ; Nouvelles vagabondes	https://gallica.bnf.fr/ark:/12148/bpt6k65418707	1879	Monestier	Émile	10	29
L'Holocauste	https://gallica.bnf.fr/ark:/12148/bpt6k54458753	1898	La Jeunesse	Ernest	23	28
La Lorette mariée, par Maximilien Perrin	https://gallica.bnf.fr/ark:/12148/bpt6k5846807j	1861	Perrin	Maximilien	13	28
Amalia	https://gallica.bnf.fr/ark:/12148/bpt6k65164977	1879	Mármol	José	9	28
Contes de Charles Nodier	https://gallica.bnf.fr/ark:/12148/bpt6k98080252	1879	Nodier	Charles	9	28
Les femmes mariées	https://gallica.bnf.fr/ark:/12148/bpt6k5494380r	1862	Frémy	Arnould	9	28
Oeuvres choisies	https://gallica.bnf.fr/ark:/12148/bpt6k6319624g	1847	Cazotte	Jacques	7	28
Valérie	https://gallica.bnf.fr/ark:/12148/bpt6k56614921	1837	Krüdener	Barbara Juliane von	7	28
Mémoires d'une célèbre courtisane des environs du Palais-Royal, ou Vie et aventures de Mlle Pauline, surnommée la Veuve de la Grande armée	https://gallica.bnf.fr/ark:/12148/bpt6k5808803d	1833	Eliçagaray	Edouard d'	12	28
Ernestine, Caliste, Ourika	https://gallica.bnf.fr/ark:/12148/bpt6k5610634k	1853	Riccoboni	Marie-Jeanne	20	28
Évariste de Mauley , par Mme Louise Évelines	https://gallica.bnf.fr/ark:/12148/bpt6k57258380	1821	Désormery	Évelines	5	28
Le rouge et le noir	https://gallica.bnf.fr/ark:/12148/bpt6k5728115h	1884	Stendhal	none	15	28
Gustave et Aspaïs, ou Les victimes des préjugés de l'époque . Par T. Ginouvier	https://gallica.bnf.fr/ark:/12148/bpt6k6126274v	1826	Ginouvier	J.-F.-T.	6	27
Jean et Pascal	https://gallica.bnf.fr/ark:/12148/bpt6k64687793	1876	Adam	Juliette	6	27
La fleur bleue	https://gallica.bnf.fr/ark:/12148/bpt6k96847160	1889	Toudouze	Gustave	9	27
Oeuvres de Barbey d'Aurevilly	https://gallica.bnf.fr/ark:/12148/bpt6k6549575r	1878	Barbey d'Aurevilly	Jules	7	27
Dans un fauteuil ; Leur amour et le nôtre ; Un excellent père ; Humanitaire et philanthrope ; Vittoria d'Albano	https://gallica.bnf.fr/ark:/12148/bpt6k57959492	1863	Nitot	Auguste	8	27
Les Confessions d'une femme du siècle, par Mme la Bonne M.-R. Du Saule	https://gallica.bnf.fr/ark:/12148/bpt6k5786736s	1846	Du Saule	M.-R.	8	27
Partie et revanche	https://gallica.bnf.fr/ark:/12148/bpt6k1415552d	1869	Raymond	Emmeline	8	27
Phoebé	https://gallica.bnf.fr/ark:/12148/bpt6k68774m	1890	Larocque	Jean	9	26
Agathe, ou la Destinée, par M. Legay	https://gallica.bnf.fr/ark:/12148/bpt6k946486q	1823	Legay	Louis-Pierre-Prudent	5	26
Collection de contes et nouvelles de Pfeffel . Traduits de l'allemand	https://gallica.bnf.fr/ark:/12148/bpt6k5742556h	1825	Pfeffel	Théophile Conrad	5	26
Contes des fées	https://gallica.bnf.fr/ark:/12148/bpt6k6577185z	1836	none	none	5	26
La queste du Graal	https://gallica.bnf.fr/ark:/12148/bpt6k64116t	1894	Peladan	Joséphin	5	26
Les tragiques amours du comte de Comminge, nouvelle dramatique	https://gallica.bnf.fr/ark:/12148/bpt6k803175	1882	Tencin	Claudine-Alexandrine Guérin	5	26
Miralba, chef de brigands ; Par Charlotte Bournon-Malarme,...	https://gallica.bnf.fr/ark:/12148/bpt6k55621106	1821	Malarme	Charlotte de Bournon	5	26
Timon-Alceste, ou le Misanthrope moderne, roman philosophique, par M. Charlemagne, publié par Jules Janin...	https://gallica.bnf.fr/ark:/12148/bpt6k5512580v	1834	Charlemagne	Armand	5	26
Une femme malheureuse : fille, femme, par Paul-L. Jacob, bibliophile	https://gallica.bnf.fr/ark:/12148/bpt6k5662179f	1836	Lacroix	Paul	5	26
Daniel de Kerfons	https://gallica.bnf.fr/ark:/12148/bpt6k64972134	1877	Daudet	Ernest	11	26
La Gazette de Cythère	https://gallica.bnf.fr/ark:/12148/bpt6k2057066	1881	Bernard	François	11	26
Lélia, par George Sand...	https://gallica.bnf.fr/ark:/12148/bpt6k56122053	1841	Sand	George	6	26
Les Nuits d'un criminel, par André Imberdis,...	https://gallica.bnf.fr/ark:/12148/bpt6k56560814	1844	Imberdis	André	6	26
Tiel le rôdeur, romans et tableaux de genre, par Frédéric Mercey	https://gallica.bnf.fr/ark:/12148/bpt6k5720214z	1834	Mercey	Frédéric Bourgeois de	6	26
Une pythonisse contemporaine	https://gallica.bnf.fr/ark:/12148/bpt6k5475308s	1835	Delestre	Caroline	6	26
La folie française, une macédoine	https://gallica.bnf.fr/ark:/12148/bpt6k80255f	1880	Pigault-Lebrun	none	13	26
Regina	https://gallica.bnf.fr/ark:/12148/bpt6k851001g	1838	Bloum	Mme	7	26
Saphira, ou Paris et Rome sous l'Empire	https://gallica.bnf.fr/ark:/12148/bpt6k5562028j	1835	Kératry	Auguste-Hilarion de	7	26
Scènes de la vie malheureuse ou Paris, vallée de larmes	https://gallica.bnf.fr/ark:/12148/bpt6k5612818s	1835	Paccard	Jean Edme	7	26
Suite des nouvelles de Mme Isabelle de Montolieu	https://gallica.bnf.fr/ark:/12148/bpt6k63503752	1813	Montolieu	Isabelle de	7	26
Blanche et noire	https://gallica.bnf.fr/ark:/12148/bpt6k5803544r	1872	Stolz	Madame de	8	26
L'Ami de la maison, roman de moeurs, par Maximilien Perrin	https://gallica.bnf.fr/ark:/12148/bpt6k56206128	1842	Perrin	Maximilien	8	26
Les souffrances du jeune Werther	https://gallica.bnf.fr/ark:/12148/bpt6k677286	1845	Goethe	Johann Wolfgang von	8	26
En France et en Turquie, nouvelles, par Jules de Laprade. Guillaume le Songeur ; Jantzo l'Haydouk ; Hadgi Moustapha	https://gallica.bnf.fr/ark:/12148/bpt6k5797775g	1863	Laprade	Jules de	9	26
Un amant trop aimé, par Maximilien Perrin	https://gallica.bnf.fr/ark:/12148/bpt6k5625634d	1862	Perrin	Maximilien	9	26
Bayonnette	https://gallica.bnf.fr/ark:/12148/bpt6k5603051p	1903	Bouvier	Alexis	14	25
La décadence latine	https://gallica.bnf.fr/ark:/12148/bpt6k69146z	1890	Peladan	Joséphin	14	25
Journal de Clotilde, pages sérieuses écrites par une jeune fille après ses années de pension, par Mlle S. W.	https://gallica.bnf.fr/ark:/12148/bpt6k5665461q	1875	Wanham	Sidonie	6	25
La Fille aux trois jupons...	https://gallica.bnf.fr/ark:/12148/bpt6k5857737x	1874	Kock	Paul de	9	25
La mystérieuse	https://gallica.bnf.fr/ark:/12148/bpt6k9391659	1902	La Vaudère	Jane de	5	25
La Pécheresse, par Paul Féval	https://gallica.bnf.fr/ark:/12148/bpt6k1411980v	1867	Féval	Paul	7	25
Le calendrier de Vénus	https://gallica.bnf.fr/ark:/12148/bpt6k204698g	1880	Uzanne	Octave	8	25
Le Diable amoureux	https://gallica.bnf.fr/ark:/12148/bpt6k5848655j	1853	Cazotte	Jacques	8	25
Les Flagellans, roman historique, par M. A. H. [Hope.]	https://gallica.bnf.fr/ark:/12148/bpt6k5722110k	1836	Hope	Alexandre	8	25
Misé Brun, par Mme Charles Reybaud. 2e édition	https://gallica.bnf.fr/ark:/12148/bpt6k5686560h	1860	Reybaud	Henriette-Étiennette-Fanny	7	25
Mon oncle Barbassou. Orné de 40 compositions gravées à l'eau-forte par Paul Avril	https://gallica.bnf.fr/ark:/12148/bpt6k6575587j	1884	Uchard	Mario	8	25
Nouvelles champenoises	https://gallica.bnf.fr/ark:/12148/bpt6k9690517r	1884	Bourgaut	Louis	5	25
Oeuvres de Prévost...	https://gallica.bnf.fr/ark:/12148/bpt6k3042093z	1823	Prévost	Antoine François	12	25
Orgueil et amour, par Henri Spiegel	https://gallica.bnf.fr/ark:/12148/bpt6k5623511f	1838	Spiegel	Henry	5	25
Qui lira rira	https://gallica.bnf.fr/ark:/12148/bpt6k62331s	1890	Silvestre	Armand	7	25
Romans et nouvelles	https://gallica.bnf.fr/ark:/12148/bpt6k5518249w	1906	Zola	Émile	14	25
Scènes de la vie privée	https://gallica.bnf.fr/ark:/12148/bpt6k6128199z	1832	Balzac	Honoré de	8	25
Un scrupule	https://gallica.bnf.fr/ark:/12148/bpt6k96183551	1893	Bourget	Paul	6	25
Oeuvres de Prévost...	https://gallica.bnf.fr/ark:/12148/bpt6k30421331	1823	Prévost	Antoine François	12	24
Léontine et Marie, ou Les deux éducations	https://gallica.bnf.fr/ark:/12148/bpt6k6567015p	1843	Woillez	Catherine	9	24
La comédie de l'amour	https://gallica.bnf.fr/ark:/12148/bpt6k6389870b	1857	La Rounat	Charles de	8	24
Une grande demi-mondaine	https://gallica.bnf.fr/ark:/12148/bpt6k65427291	1879	Giron	Alfred	8	24
Adrienne, par Paul Deltuf	https://gallica.bnf.fr/ark:/12148/bpt6k14226575	1861	Deltuf	Paul	7	24
Histoires scandaleuses	https://gallica.bnf.fr/ark:/12148/bpt6k62330f	1889	Silvestre	Armand	7	24
Une mère de famille	https://gallica.bnf.fr/ark:/12148/bpt6k56565168	1892	Maltravers	Raoul	13	24
Le vice suprême	https://gallica.bnf.fr/ark:/12148/bpt6k61016425	1886	Peladan	Joséphin	12	24
Les belles millionnaires	https://gallica.bnf.fr/ark:/12148/bpt6k963979	1880	Stapleaux	Léopold	6	24
Les femmes des autres	https://gallica.bnf.fr/ark:/12148/bpt6k6535874v	1879	O'Monroy	Richard	6	24
Les Parents-coupables, mémoires d'un lycéen	https://gallica.bnf.fr/ark:/12148/bpt6k5607574n	1867	Ulbach	Louis	6	24
Les Sept péchés capitaux. La colère, par Xavier de Ricard. Dessins de L. Verleye	https://gallica.bnf.fr/ark:/12148/bpt6k57728690	1901	Ricard	Louis-Xavier de	6	24
Maritalement parlant, par MM. de Cobentzell [E. Bouchery et Lautour-Mézeray]	https://gallica.bnf.fr/ark:/12148/bpt6k5489218b	1834	Cobentzell	none	6	24
Rodolphe, ou À moi la fortune, moeurs d'hier, par Touchard-Lafosse,...	https://gallica.bnf.fr/ark:/12148/bpt6k57424728	1837	Touchard-Lafosse	Georges	6	24
La Confession d'un enfant du siècle, par Alfred de Musset, nouvelle édition	https://gallica.bnf.fr/ark:/12148/bpt6k65251107	1880	Musset	Alfred de	11	24
Les jeux de la flamme	https://gallica.bnf.fr/ark:/12148/bpt6k14163966	1906	Aurel	none	11	24
Marthe	https://gallica.bnf.fr/ark:/12148/bpt6k5473695c	1866	Des Essarts	Alfred	11	24
Amanda de Fitz-Owald	https://gallica.bnf.fr/ark:/12148/bpt6k14144624	1885	Brun	Élisabeth	5	24
Julien Savignac, par Ferdinand Fabre	https://gallica.bnf.fr/ark:/12148/bpt6k6514356b	1879	Fabre	Ferdinand	5	24
La maîtresse et la femme mariée , par Frédéric de Castillon	https://gallica.bnf.fr/ark:/12148/bpt6k55247450	1830	Castillon	Frédéric de	10	24
La princesse de Chypre , roman historique, par Ursula Scheulterie (Mme Mélanie de Boileau)	https://gallica.bnf.fr/ark:/12148/bpt6k57322796	1807	Boileau	Mélanie de	5	24
Le roman des romans	https://gallica.bnf.fr/ark:/12148/bpt6k5488503m	1837	Creuzé de Lesser	Auguste	5	24
Les femmes , roman dialogué de Carmontelle,... avec un avant-propos par M. Picard...	https://gallica.bnf.fr/ark:/12148/bpt6k5548623v	1825	Carmontelle	none	5	24
Un ange du ciel sur la terre, par Benjamin Mossé,...	https://gallica.bnf.fr/ark:/12148/bpt6k5818716z	1864	Mossé	Benjamin	5	24
Oeuvres complètes de M. de Balzac	https://gallica.bnf.fr/ark:/12148/bpt6k61165610	1842	Balzac	Honoré de	19	24
La courtisane amoureuse et vierge ou Mémoires de Lucrèce écrits par elle-même	https://gallica.bnf.fr/ark:/12148/bpt6k9751995s	1883	Lesuire	Robert-Martin	9	24
Marraine et filleule	https://gallica.bnf.fr/ark:/12148/bpt6k6471736f	1876	Wanham	Sidonie	9	24
Scènes de la vie malheureuse ou Paris, vallée de larmes	https://gallica.bnf.fr/ark:/12148/bpt6k6438402p	1835	Paccard	Jean Edme	9	24
Contes de Boccace	https://gallica.bnf.fr/ark:/12148/bpt6k103251q	1869	Boccace	none	34	24
Oeuvres complètes de H. de Balzac	https://gallica.bnf.fr/ark:/12148/bpt6k61242495	1874	Balzac	Honoré de	21	24
Le lys dans la vallée	https://gallica.bnf.fr/ark:/12148/bpt6k6266280x	1891	Balzac	Honoré de	12	24
Les Mélancolies d'un joyeux, par Armand Silvestre... [4e édition.]	https://gallica.bnf.fr/ark:/12148/bpt6k6577032g	1883	Silvestre	Armand	8	24
L'heureux Jérôme	https://gallica.bnf.fr/ark:/12148/bpt6k5541450w	1878	Pigault-Lebrun	none	11	23
Une femme du monde	https://gallica.bnf.fr/ark:/12148/bpt6k802276	1877	Daudet	Ernest	7	23
Crimes et remords	https://gallica.bnf.fr/ark:/12148/bpt6k54755628	1843	Delabarre	Caroline	6	23
Le Généralife	https://gallica.bnf.fr/ark:/12148/bpt6k6270411s	1897	Astruc	Zacharie	15	23
Les premières rides	https://gallica.bnf.fr/ark:/12148/bpt6k9612196d	1845	Lacroix	Jules	9	23
Les Rougon-Macquart	https://gallica.bnf.fr/ark:/12148/bpt6k5495050w	1906	Zola	Émile	12	23
Les Rougon-Macquart	https://gallica.bnf.fr/ark:/12148/bpt6k54954078	1906	Zola	Émile	12	23
Vieux	https://gallica.bnf.fr/ark:/12148/bpt6k69175j	1891	Aurier	Gabriel Albert	9	23
Échos lointains	https://gallica.bnf.fr/ark:/12148/bpt6k372313	1903	Goulaine	Marie-Virginie de	5	23
Eglai ou Amour et plaisir	https://gallica.bnf.fr/ark:/12148/bpt6k200949z	1883	Legay	Louis-Pierre-Prudent	5	23
La princesse de Chypre , roman historique, par Ursula Scheulterie (Mme Mélanie de Boileau)	https://gallica.bnf.fr/ark:/12148/bpt6k5720074j	1807	Boileau	Mélanie de	5	23
Le Sceptique mourant, par Honoré Sclafer	https://gallica.bnf.fr/ark:/12148/bpt6k5698898w	1844	Sclafer	Honoré	5	23
Les heures perdues d'un cavalier françois	https://gallica.bnf.fr/ark:/12148/bpt6k9684682n	1881	none	none	5	23
Oeuvres de George Sand. Jacques	https://gallica.bnf.fr/ark:/12148/bpt6k57250083	1854	Sand	George	12	23
Un gendre	https://gallica.bnf.fr/ark:/12148/bpt6k9602666q	1885	Matthey	A.	12	23
Conseils à ma fille, par J.-N. Bouilly,... 1re édition	https://gallica.bnf.fr/ark:/12148/bpt6k5562023g	1813	Bouilly	Jean-Nicolas	7	23
Contes fantastiques de E. T. A. Hoffmann	https://gallica.bnf.fr/ark:/12148/bpt6k96918796	1836	Hoffmann	Ernst Theodor Amadeus	7	23
Les Mauvaises têtes, par Maximilien Perrin	https://gallica.bnf.fr/ark:/12148/bpt6k5849606c	1872	Perrin	Maximilien	14	23
Lise, ou les Hermites du Mont-Blanc, roman nouveau, faisant suite à Illyrine et à Rosalina... par Mme G*** Morency	https://gallica.bnf.fr/ark:/12148/bpt6k6135800k	1800	Quinquet	Suzanne	7	23
Scènes de la vie privée	https://gallica.bnf.fr/ark:/12148/bpt6k61029947	1835	Balzac	Honoré de	7	23
Tealdo	https://gallica.bnf.fr/ark:/12148/bpt6k6506749x	1879	Prat	Jules Gustave	7	23
Le Comte de Valmont, ou les Égaremens de la raison. [Par l'abbé P.-L. Gérard.] 11e édition... Tome I [-V.] - La Théorie du bonheur, ou l'Art de se rendre heureux mis à la portée de tous les hommes, faisant suite au Comte de Valmont et à laquelle on a joint deux lettres, l'une sur l'éducation des demoiselles, l'autre sur un choix de lectures. Tome VI	https://gallica.bnf.fr/ark:/12148/bpt6k5497429g	1826	Gérard	Philippe-Louis	11	22
Zé'Boïm	https://gallica.bnf.fr/ark:/12148/bpt6k141402d	1887	Souillac	Maurice de	23	22
Jacintha, par A. Norgi [Giron]	https://gallica.bnf.fr/ark:/12148/bpt6k1422669c	1869	Giron	Alfred	12	22
Le dégrossi	https://gallica.bnf.fr/ark:/12148/bpt6k6497799c	1877	Le Febvre	Victor	6	22
Le Portefeuille, ou Historiettes de la famille de *** , par A. P. de S.-F.	https://gallica.bnf.fr/ark:/12148/bpt6k5623578m	1804	Poullain de Saint-Foix	Augustin	6	22
Peints par eux-mêmes	https://gallica.bnf.fr/ark:/12148/bpt6k29718j	1893	Hervieu	Paul	6	22
Histoire de Manon Lescaut	https://gallica.bnf.fr/ark:/12148/bpt6k6494832m	1878	Prévost	Antoine François	13	22
Oeuvres de Le Sage	https://gallica.bnf.fr/ark:/12148/bpt6k56027526	1821	Lesage	Alain-René	9	22
Un Acte de vertu, et la Peine du talion	https://gallica.bnf.fr/ark:/12148/bpt6k5834158j	1853	Bernard	Charles de	9	22
La peau	https://gallica.bnf.fr/ark:/12148/bpt6k96920983	1890	Maizeroy	René	14	22
Le roman d'un séminariste, nouvelles études de moeurs contemporaines par René D. ...	https://gallica.bnf.fr/ark:/12148/bpt6k5610922d	1869	none	none	7	22
Les Deux Robinsons, par Pierre Zaccone. [ - La Folle du Conquet.]	https://gallica.bnf.fr/ark:/12148/bpt6k9380616	1863	Zaccone	Pierre	7	22
Une vie de garçon, roman de moeurs, par Charles Soullier,...	https://gallica.bnf.fr/ark:/12148/bpt6k56235865	1844	Soullier	Charles	7	22
Eugène Süe. Oeuvres. Paula Monti. Nouvelle édition	https://gallica.bnf.fr/ark:/12148/bpt6k5622971s	1875	Sue	Eugène	10	22
Eusèbe de Salles [sic]. Les Carbonari, ou l'Anévrysme, étude de moeurs de 1830. Les Bas à jour, nouvelle algérienne	https://gallica.bnf.fr/ark:/12148/bpt6k61162394	1869	Salle	Eusèbe de	10	22
Fernand	https://gallica.bnf.fr/ark:/12148/bpt6k5695565j	1844	Sandeau	Jules	5	22
Les cocottes du grand monde	https://gallica.bnf.fr/ark:/12148/bpt6k6540173r	1879	Stapleaux	Léopold	5	22
Ni jamais, ni toujours, par Ch.-Paul de Kock...	https://gallica.bnf.fr/ark:/12148/bpt6k5839074v	1854	Kock	Paul de	15	22
Saphira, ou Paris et Rome sous l'Empire	https://gallica.bnf.fr/ark:/12148/bpt6k5562076m	1835	Kératry	Auguste-Hilarion de	5	22
Lucy Vernon, par Félix Rocquain	https://gallica.bnf.fr/ark:/12148/bpt6k5610941r	1862	Rocquain	Félix	8	22
Carmen Lohry	https://gallica.bnf.fr/ark:/12148/bpt6k3043743s	1887	Allen	Pierre	6	21
Contes fantastiques	https://gallica.bnf.fr/ark:/12148/bpt6k67778r	1874	none	none	6	21
Cynodie	https://gallica.bnf.fr/ark:/12148/bpt6k5795143t	1833	Dupin	Antoinette	6	21
Fantaisies galantes	https://gallica.bnf.fr/ark:/12148/bpt6k62486b	1894	Silvestre	Armand	6	21
Le secrétaire intime	https://gallica.bnf.fr/ark:/12148/bpt6k1232173	1834	Sand	George	12	21
Oeuvres complètes du comte Xavier de Maistre	https://gallica.bnf.fr/ark:/12148/bpt6k641651	1889	Maistre	Xavier de	9	21
Oeuvres de George Sand. Horace	https://gallica.bnf.fr/ark:/12148/bpt6k5725314v	1854	Sand	George	9	21
Plaisir d'amour !	https://gallica.bnf.fr/ark:/12148/bpt6k6558771r	1883	Amic	Henri	6	21
Pour les belles personnes	https://gallica.bnf.fr/ark:/12148/bpt6k9601307h	1886	Mendès	Catulle	9	21
Les aventures du chevalier de Faublas	https://gallica.bnf.fr/ark:/12148/bpt6k9613589z	1881	Louvet de Couvray	Jean-Baptiste	20	21
Premières amours	https://gallica.bnf.fr/ark:/12148/bpt6k689389	1888	Pierret	Émile	10	21
Oeuvres de Théophile Gautier	https://gallica.bnf.fr/ark:/12148/bpt6k107344x	1897	Gautier	Théophile	7	21
Saphira, ou Paris et Rome sous l'Empire	https://gallica.bnf.fr/ark:/12148/bpt6k58187678	1835	Kératry	Auguste-Hilarion de	7	21
Daniel de Kerfons	https://gallica.bnf.fr/ark:/12148/bpt6k6488532j	1877	Daudet	Ernest	8	21
Les Baigneuses de Trouville, suite des Mystères mondains	https://gallica.bnf.fr/ark:/12148/bpt6k5609977w	1875	Belot	Adolphe	12	21
Un prêtre, ou La société au XIXe siècle	https://gallica.bnf.fr/ark:/12148/bpt6k6130924s	1838	Leclère	Jean-Baptiste	8	21
Mon Ami et moi...	https://gallica.bnf.fr/ark:/12148/bpt6k5779054z	1892	Blandy	Stella	17	21
Les merveilleux récits de l'amiral Le Kelpudubec	https://gallica.bnf.fr/ark:/12148/bpt6k80366c	1885	Silvestre	Armand	13	21
Oeuvres complètes de M. de Balzac	https://gallica.bnf.fr/ark:/12148/bpt6k61165521	1842	Balzac	Honoré de	14	21
Les Amours vulgaires, par A. Vermorel	https://gallica.bnf.fr/ark:/12148/bpt6k57124607	1863	Vermorel	Auguste	5	21
Les deux soeurs	https://gallica.bnf.fr/ark:/12148/bpt6k42262026	1840	Abrantès	Laure Junot	5	21
Les Liaisons dangereuses . Lettres recueillies dans une société, et publiées pour l'instruction de quelques autres. Par M. C... de L...	https://gallica.bnf.fr/ark:/12148/bpt6k96194956	1823	Choderlos de Laclos	Pierre-Ambroise-François	5	21
Les Sept péchés capitaux. La luxure, par Armand Silvestre...	https://gallica.bnf.fr/ark:/12148/bpt6k57727776	1901	Silvestre	Armand	5	21
Nouveaux contes incongrus	https://gallica.bnf.fr/ark:/12148/bpt6k628377	1892	Silvestre	Armand	5	21
Fabien...	https://gallica.bnf.fr/ark:/12148/bpt6k1412796b	1895	Lano	Pierre de	18	21
Fabien...	https://gallica.bnf.fr/ark:/12148/bpt6k1412796b	1895	Silvestre	Armand	18	21
Histoires gaies	https://gallica.bnf.fr/ark:/12148/bpt6k1412796b	1895	Lano	Pierre de	18	21
Histoires gaies	https://gallica.bnf.fr/ark:/12148/bpt6k1412796b	1895	Silvestre	Armand	18	21
La faute du père	https://gallica.bnf.fr/ark:/12148/bpt6k6567178j	1886	Maryan	M.	6	21
Les Liaisons dangereuses . Lettres recueillies dans une société, et publiées pour l'instruction de quelques autres. Par M. C... de L...	https://gallica.bnf.fr/ark:/12148/bpt6k9622801m	1823	Choderlos de Laclos	Pierre-Ambroise-François	6	21
Les nouvelles amoureuses	https://gallica.bnf.fr/ark:/12148/bpt6k9753775z	1891	Aubert	Charles	6	21
Une amitié de femme, par Mme Camille Lebrun	https://gallica.bnf.fr/ark:/12148/bpt6k56816320	1843	Lebrun	Camille	6	21
Roselle	https://gallica.bnf.fr/ark:/12148/bpt6k30462660	1889	Isnard de Belley	Camille	7	21
Le Château de Bois-le-Brun, ou la Famille mixte, suivi de Laure de Cernan, par S. Bigot	https://gallica.bnf.fr/ark:/12148/bpt6k5625217h	1885	Bigot	Stéphanie	10	20
Le Comte de Valmont, ou les Égaremens de la raison. [Par l'abbé P.-L. Gérard.] 11e édition... Tome I [-V.] - La Théorie du bonheur, ou l'Art de se rendre heureux mis à la portée de tous les hommes, faisant suite au Comte de Valmont et à laquelle on a joint deux lettres, l'une sur l'éducation des demoiselles, l'autre sur un choix de lectures. Tome VI	https://gallica.bnf.fr/ark:/12148/bpt6k5499295d	1826	Gérard	Philippe-Louis	11	20
La haute pègre	https://gallica.bnf.fr/ark:/12148/bpt6k6553151c	1881	Vast	Raoul	12	20
Oeuvres complètes de H. de Balzac	https://gallica.bnf.fr/ark:/12148/bpt6k96006559	1869	Balzac	Honoré de	18	20
