work	date	issue	page	block	height	width	hpos	vpos	text	active_words	occurrences_words	unique_words
debats	1819-01-04	1	1	P1_TB00016	1050	1027	1170	2673	noblesse , le poeme du lutrin , te tartufe et te bourgeois gentilhomme. on n accusera pas , j'espère, les auteurs de ces ouvrages' immortels d avoir frappéav.ctrop de ménagement sur les travers et sur les vices des premières classes de la société, et ils ont bien plus justement encouru le reproche de n'avoir pas été arrêtés dans le cours de leurs éloquentes censures, par la crainte des conséquences que la jalousie et la licence pou voient en tirer et' nu elles n en ont que trop malheureusement déduites, 'indignés des abus qui nuisoienta la véritable cous.dération des personnes et des choses les plus révérées , ils se sont laissés entraîner par je sentiment ,1e 1 utilité, présente; ils ont cru émonder les fr anches de larbre , et par une imprévoyance qui , du moins n est pas unalirontà leur courage , jl s ont appelé la coïenée a' sa racine; la terre est aujourd'hui jonchée de ses débris et 1 homme, dont le cœur n'est pas entièrement fermé aux jeu- tunens honnêtes , ne peut, en les considérant , leur refuser ces. regrets que l'on accbrde à tout ce qui, après avoir été grand sur la terre, ne subsiste plus que par de douloureux souvenirs ' ou conçoit donc, on explique même d'une manière honorable pour leurs auteurs, ces attaques ou énergiques on plaisantes' - contre des ridicules attachés aux objets de leur sincères hom- ' mages. quel homme fut plus religieux, plus respectueux enversles grands, plus dévoué à louis xiv, que despréau * ? cependant qui se permit jamais et des vérités plus sévères contre la' manie des conquêtes; et des plaisanteries plus mordantes contre la mollesse, les prétentions orgueilleuses et la sensualité des gens d église, et des leçons plus directes sur les devoirs imposes par leur naissance aux descendant des races illustres ? ftpa* aimons eetle mâle et géeéreuse franchise, qui, sans s» plaire	sensualité	1	1
debats	1819-01-10	1	4	P4_TB00002	1084	1008	252	2679	avec le plus d'acharnement et qui recommenceront le lendemain, se rencontrent sans peine , prennent part aux mêmes plaisirs et'aux mêmes jeux. au milieu de nos hostilités politiques ,le riant pays des arts et des lettres ne devroit-il être pour nous cette terre sacrée? est-il donc impossible, de tracer une ligne de démarcation au delà de laquelle il faille déposer toutes et les passions ? ne peuvent-elles respecter les limites à 1 aspect desquelles s'arrêtent les armées ? t -—dans plusieurs de nos grandes villes, le théâtre n est •qu'une succursale de la bourse. a rouen , on fait des marchés de draps et de toile de. coton pendant qu'on joue les plus belles scènes de molière; à lyon, on parle d'escompte pendant l'ariette; et à marseille, de savon et d'huile dans le moment le plus pathétique de la pièce. a paris, nous ne sommes point aussi avancés : le commerce- de là bourse n interrompt pas encore le commercé des muses; mais la politique est déjà dans le foyer-, je ne serois pas surpris qu'elle entrât bientôt dans la salle. le grand foyer de l'opéra n'est plus qu'un salon de conversation : c'est là que les diplomates se rencontrent; on paie six francs à la porte pour apporter un bruit ridicule ou pour apprendre une fausse nouvelle. telle est l'ardeur de certains politiques, qu'ils laissent passer tout le spectacle sans entrer dans la salla ,et que ni la voix enchanteresse de m me albert, «i la danse voluptueuse de m ile bigottini, ne peuvent les arracher aux douceurs d'un entretien sur les fonds publics , et aux charmes d'une discussion sur le prochain budget. teanne d'arc exerce la verve des poètes de tous les pays : après shakespeare et schiller, un nouveau tragique allemand, m. vetzel, vient encore de s'emparer de ce sujet ; mais il ne fera point oublier ceux qui l'ont précédé, et il ne découragera	voluptueuse	1	1
debats	1819-02-07	1	3	P3_TB00005	1077	1020	1189	2678	j'y metlrnis une restriction : la danse est sans doute un divertissement fuit agréable; mais j'y veux, plus qu'en tout autre genre, de la diversité. puisqu'on a à peu près réduit cet art au plaisir des yeux , que l'action , la pantomime, l'imitation, en un mot, lui sont devenues pour ainsi dire étrangères, et que tout se passe en tableaux mouvans, en poses voluptueuses ou en piroùettes effrayantes, il faudroit du moins jeter quelque variété dans ces tableaux, quelques mouvemeus nouveaux dans ces gambades, et quelques moyens de surprise dans ces tours de force. que voyons-nous depuis qu lque temps dans ses ballets ajoutés sous le nom modeste d'accessoires aux opéras modernes? le peuple des danseurs vulgaires entre d'abord comme pour préparer les voies et balayer les planches ; après deux ou trois ; passes et autant d'entrechats, les rangs s'ouvrent pour faire place aux maîtres et'aux maîtresses de l'art. ceux-ci paroissent deux k deux , trois a trois, une nymphe entre deux bergers, un dieu entre deux déesses , et alors l'assaut commence, et c'est à qui remuera plus agilement les jarrets, pirouettera avec le plus de grâce, et excitera le plus de brouaha dans l'assemblée; les groupes se reforment, de nouveaux coryphées succèdent aux premiers, et le combat recommence connue de plus belle : tout cela est fort bien pour paul, pour albert, pour m 1 1 bigoltiui ou pour m llc noblcl ; mais un ballet ne devroit pas ,ce me semble , ressembler à un exercice de concours, et le public ne vient pas au spectacle pour prononcer sur le mérite des danseurs, mais pour jouir de leurs talens , pour leur payer en applaudissemcus le plaisir qu'ils lui procurent, et non pour leur procurer le plaisir d'être applaudis. c'est d'après cette fausse donnée que m.gardèl a conçu les divertissemens de tarare. 11 ne s'est pas donné la peine d'imaginer de^situations^	voluptueuses	1	1
debats	1819-03-05	2	3	P3_TB00001	3562	1022	117	171	du droit de dissol.ifiost , e( que les défenseurs des détails de la loi, qui, lorsqu'il s'agi.vwit de la faire adopter...opposaient à tous les dangers, avec une confia ridé admirable , cette ressource foujours prèle , ont ensuite recortnu qu'elle éloit au moins illusoire. je vous citerai seulement l'aveu que fit peu de temps après un de ses 'apôtres les plus éloquens (i) , qui , dans un discours sur les journaux , s'exprime en ces termes : « que sigijiûei ou u.uc disso>i lui ion anti-nationale ( remarquez que c'est un droit consacré » par la charte') avec une loi d'éleclion'si profondément uatio» nale , qui ne feroit que remplacer uiie assemblée populaire » par une assemblée plus populaire encore ? ne sçroit-ce, pas ic >- géant terrassé'qui , touchant la terre dont il est né , se relè■'» veroit de son sein avec ses forces vitales loules régénérées et « redoublées? où est le droit de dissolution avec une semblable doctrine ? x  * ainsi , messieurs, en résumé , les résultats immédiats de l'organisation actuelle des collèges électoraux sont qui: le droit, de dissolution est illusoire , que l'influence, du gouvernement est anéantie , que les électeurs peu riches , soit propriétaires., soit patentés, mais véritablement patentés, s'ils habitent loin du chef, lieu , ne- peuvent venir à l'élection ; que les électeurs les plus imposés, sur quelque point qu'ils se trouvent, n'ont qu'un loi>'le intérêt à s'y présenter.; qu'enfin , par le moyen des patentes fictives , le droit d'élection peut être légalement usurpé au mépris de la charte, il faut sans doute des ceinodes puissanx pour des maux si nombreux', si graves ; mais c'est parcelle raison mime qu'il ne peut appartenir qu'au roi de les conuoilre et de les proposer; et que nous pouvons dire , messieurs', que notre devoir est rempli lorsque , signalant ces maux , nous implorotts sa sollicitude paternelle sur la commune patrie. je vole potir la proposition de m. le marquis barthélémy. opinion de m. le mar./ liïs de fontaines. messieurs, j'ai voté la loi sur les collèges électoraux. les considérations qui me l'ont lait adopter n'étaient pas conformes , je l'avoue , à celles qui sembloienl déterminer sgs plus zélés partisans. je crus vo r d'assez habiles combinaisons dans cette lui nouvelle. eu laissant une part légitime et nécessaire à la démocratie , on n'eu cuufioit l'aciion toujours un peu turbulente qu'à cent mille électeurs privilégiés , sur. une masse de vingt-sept a vingt-huit millions d'babitans. c'était quelque chose aux yeux des amis de l'ordre et de la paix donl la mémoire éloit encore effrayée du tumulte de ces assemblées primaires, où toutes les doctrines'de l'anarchie s-iulévoiaut avec tant de fureur les plus viles passions de la multitude. je sai, ptcutjue dans la discussion préliminaire sur la charte cjiislitiitionnehe, . ù j'eus l'honneur d'être appelé , ou vounul d'.iburd u'attarlier lr-droit d'élection qu'à trois cents francs payés en contribution mais puisqu'il faut le dire, et sans que je m'explique davantage , l'antoriléqiouvqit, mettre a profit d'exteriiioii donnée sur cet article au texte même vie. la charte, qu'on pouvoit expliquer dans un-sens plus rigoureux. ce qu'il y a de plus essentiel aux sociétés, dans tous les temps, c'est un pouvoir suprême et conservateur. il est surtout nécessaire à la v ieillesse de ces grandes sociétés qu'établirent avec tant d'ellbrl la religioo , la politique et le temps, et que la raison moderne veut refaire en un jour, avec une audace, toujours si malheureuse et toujours «i confiante: si nue main sage et forte ne soutient pu* leur décadence , elles croulent de toutes parts entre les .traditions .passées dont le souvenir s'efface, et les in-tilutious récentes qu'une longue habitude peut seule consacrer. dans de telles circonstances, tout ce qui peut fortifier lp pouvoir est jalutaire. quelques moyens diulliicnce éloieul donnés a 'x ministres ils pouvoient sagement les employer au maintien de l'autorité royale sans inconvénient pour les lib rlés publiques. l'histoire atteste, et trop d'exemples ont prouvé que les ministres en général soutiennent mieux les droits du priucc que ceux du petlple. les nôtres sont a l'abri de ce reproche. les espérances que pliisieiiis avoicnl conçues ont été trompées. je convieus avec lrancbise que les preuiièrs adversaires de la loi des éleciions avoient mieux prévu ses résultats. mais ce.u'est .point leur opinion qui a changé la mienne. je dois mes nouvelles lumières aux nobles aveux des ministres eux-mêmes.' ou 'on se rappelle, en effet, le cri d'alarme répété dans tous les journaux quand ou fii l'essai du nouveau système. alors on invoqiiuit à grands cris le. secours des mêmes hommes accusés naguère dans cette enceinte d'être en pleine révolte contre l'opinion publique. on ne les trouvait pas alors trop exclusifs; on leur deuiaiidoit avec instance des érections monarchiques ; leur honneur n'a pas balancé. quelle est aujourd'hui leur récompense ? a la fin de. l'année dernière , le président du premier collège électoral de france se plaignolt que trois mill/. électeurs au moins ne répondoicxit pas à ses exhortations. n'avons-noos pas vu des émissaires parcourir à .cette époque, toutes les campagnes voisines, pour encourager lelsèle ou réveiller l'indifférence? j'ai fait comme les autres, j'ai demandé le nom choisi , je l'ai jeté dans l'urne, et je n'ai point voulu croire te que tout le monde répétait autour de moi , c'est-à-dire que le ministère n'acceptmt ce nom que pour en écarter un antre pins redoutable. a dieu ne plaise que je veuille élever le moindre soupçon shr aucun de ceux qae-les collèges électoraux out nommés dans les formes prescrites! la chancre des pairs respecte les préiogàttves de i autre chambre. elles ne manqueront j .mais aux égards qu elles se doivent l'une à fautr-. d'ailleurs, les cfaijit. s ministérielles sont peut-être exagérées. tous ces calculs faits d'avance gur les minorités rebelles ou sur les majorités soumises sont sujets à beaucoup de mécomptes. les opinions changent avec	érections	1	1
debats	1819-03-29	1	2	P2_TB00004	1106	1030	1213	2629	portant des baguettes d'or éinaitlé icint faire deux saluts si l'amlîâss'adeôr. jîprâqu'i) est parvenu an pied t)u tirôrife , le graudm .litre des rerétnonièls proclame son iioiri et cèl'tfi dû prince qu' il représente. le roi irépmid: finit êtes le bien-vertu ,et h en-' gage ordinairement .avec loi «use otuvetijalhir' quelconque ai la réception du de.r<u'er ambassadeur d'a.ugwt.err'é , je kw.j.t» dit : «je vett* qtfé ions cunleptirz ma curiosité sur un fait*(joint j'ai >( entendit parler, et ne puis croiiçtiist-jl.irgi koï >» d'angleterre «'ait qu'ouïe ietnme ? * l'dàfclwfudeur répondit aflttwativcirtént, et il ajouta qu'aucun prince, chrétien n'en àvoit davantage. « hé bien , vous.ut'étonnait beaucoup, reprit lesou» verairt ; je vous avoue que je ne pourvois -pas èjtré roi dxus» votre pays. » . si l'ambassadeur offre des préauns , de tptèjqw: piagwmcgiire qu'ils soient le roi leséeçpit -froideur ; il croir'oit déroger à la majesté de son aarçg.s'.ll.jûuml'sumt.ls «aoîp.dre admiration. rien ne doit pgiqljre lui-, si qtïélque chose sembloit l'émouvoir , il se rabaisserait ~ap niveau db *.l'- gairc. ce n'est que daa.; l » l ,invi«iité appaftemens qu'il daigne se montrer satisfait. l'ambassadeur doptiiute d >isiie.r apsetoblissemens publics t _ nos manufacture! et 09s wctaçies. *eqd-ietli il .assistoit dla *eprésentation du balle.t de proserpiae , e<f -il serilbloit contempler avec ravissement le? diuses voluptueuses ej. toutes .les œet'veimeâ de la scène en voyant cette/troupe de déesses et de .nymphe* légères, il au roi t pu se croire transporté-dans le paradis du prophètem a w, il faudrait que les dames dé l'opéra/eussent 1» niéme ter lu que les houri» de .mahauçcl -, et s-esc. connaît trop bienteu.rope .ppiir se. faire dr4e,iles.j|lustt)ns.e'lf df. &dwt<s> deybals •» 1!«» -èbiuà m *?mv 4f* f u»a ifch*.*,	voluptueuses	1	1
debats	1819-05-25	1	2	P2_TB00006	1106	1120	91	2805	soit ; mais, m. le conseiller d'etat un tel oceupe dis places, et les remplit très bien j le public est malin , léger , ingrat ; il est capable de l'ai rc une application qui, sûrement, n'est pas dans votre pensée. m. le censeur, je vois bien qu'il-ne me sera pas possible de peindre aucun vice, aucun travers, aucun ridicule, sans que vous n'y trouviez • redire.— tout ce que vous voudrez, monsieur , pourvu que vous jafe louchiez pas à ces sujets délicats qui réveillent les haines politiques, et qui troublent l'union des français. -—auriez-vous la bonté de m'indîquer.quelque sujet qui n'eût pas ces incpnvéniens ? mais, par exemple, l'insolence des marquis de l'ancien régime, le luxe des émigrés, la vje molle et voluptueuse des missionnaires, la laveur toujours croissante des royalistes c'en est assez, monsieur; je renonce àla carrière dramatique , puisqu'avec vos restrictions il est impossible, non seulement d'y acquérir de ta gloire, mais même de conserver sou honneur. irojs-je bassement me traîner sur les pas de eps froids aixneurs, dont la muse comique n'entre un peu en verve que pou,ç livrer les opprimés awx barbares risées des oppresseurs ? ,ii m'est détendu d'aspirer à être aristophane ou méuaadre, mais il ne in'est pas ordonné d'être d'uval ou gosse. au surplus , je n'ai raisonné ici que dans l'intérêt de l'art drama-, tique ; la censure théâtrale peut encore être considérée sous le point de vue constitutionnel , et , sous ce point de vue, il y au mit du pour et du contre. l'exemple de l'angleterre ne saurait nous être d'.une grande utilité pour résoudre la dillicuité : l'angleterre ne parott pas as'oir des lois positives à l'égard de la liberté d'exprimer ses opinions, eii l'orme de tragédie ou de comédie ; m lis une ancienne coutume donue au lord-ch-imbcllan une espèce de police sur les représentations, théâtrales. il y a bien des années, sous l'administration de vvalpole, un auteur dramatique voulut présenter; soc la scène uneespécede turçaret, sous-àecrétaire d'etat,, qui va au bttrgau	voluptueuse	1	1
debats	1819-06-19	1	3	P3_TB00001	3721	1044	120	189	mit<>grates ; , èttvèvérnèin ehrf*»ïstree«, appliquées à leur destination légale; en ce qui touche aux dépenses, qu'elles suivent !h marche, et n'exccdent pas la proportion réglée par les lois ; enfin -, en ce tqtti concerne les comptes, que ces comptes soient régulièrement formés, soumis 'dans padiniij.istraiion même à un examen .attentif, fournis, aux époques déterminées, avec les pièces au soutien , à la cour dès comptes, et que les jnge- s'ipus de cette cour reçoivent tout féur effet. que l'on demande à.cette cour elle-même si la responsabilité «les chefs <1 administration peut aller plus loin, sa réponse lie sauroit être douteuse. je reviens au produit des saisies. un budget ne peut être chargé en recette, que des sommes perçues pour le compte du trésor, en vertu des lois qui règlent la perception; et en dépense, que des sommes payées mit le produit de ces mêmes perceptions. or, les saisieset leur produit éventuel sont, de droit naturel et de droit écrit, la propriété des sai«i<sans, tout comme les prises faites en mer sont la propriété des capteurs. ce principe, observé dans tous les temps, est, non pas posé, mais seulement maintenu. pour ce qui regarde les saisies de douanes, par la loi du ib août lyqj. fille potle, art. 5, « l'amende, et le prix » des effets confisqués, seront répartis entre les préposés de » la régie et autres snisissans, à la déduction d'un sixième, » réservé au trésor pour subvenir aux frais de procédure. » remarquez, messieurs, que ce n'est pas comme recette effective, tvais comme simple réserve, que l'on versoil au trésor le sixième du produit des saisies ; et cel te réserve éloi t spécialement destinée à couvrir le trésor des frais de procédure qu'il avoilà supporter à l'occasion de ces mêmes saisies. ces frais payés, il restnit un excédant sur le produit du sixième. une ordonnance du 21 mai 1817 a substitué la caisse des retraites des douanes au trésor, pour rerevoir le sixième réservé, ci acquitter les irais dont ce sixième est grevé, afin que i excédant de recette sur ce fonds, appartenant primitivement aux prépo-és des aidât désormais à payer leurs pensions. celte mesure, ordonnée en 1817, conséquent un an avant la loi qui , en 1818, a défendu d'ajouter sur les proa dûits publics, aucun nouveau moyen de revenu à ceux qui «•xistoient déjà pour les caisses des retraites, mesure, au surplus, dont j'eus le soin de vous avertir moi-même dans des observations qui furent distribuées par ordre de ia chambre; cette mesure, dis-je, éloit donc juste au fond , et.parfailemenl conforme à l'esprit de la loi. j'ajoute qu'elle étoit de la plus urgente nécessité; et pour vous en convaincre, messieurs, il me suffira de vous donner lecture, en négligeant quelques passages qui ont un antre objet, du préambule de 1 ordonnance, du 21 mai, qui vient de devenir, pour la première fuis, l'objet d'une critique dans celte chambre. « louis, par la grâce de dieu, roi de france et de » navarre; » sur le compte qui nous a été rendu de la situation de » la caisse des retraites de l'administration des douanes, » nous avons reconnu que les pensions dont elle est grevée, » en vertu de liquidations légales cl régulières , excèdent de « beaucoup ses fcettes; » que cette disproportion provient de ce que les retenues » sur les appoiulemens des employés, sur les produits des » saisies et les vacances d'emplois, ont éprouvé une ditni» notion considérable en tst/j, par suite de la réduction de » l'étendue des lignes de douanes et du nombre des prépo®» sés , tandis qu'à la même époque ,le nombre des pensions de m retraites à accorder svt trouvé extrêmement multiplié, sotl » par les suppressions d'emplois , soit par la nécessité de pénis sionner les employés blessés ou les veuves de ceux qui » avoient péri dans les dernières campagnes ; i> qu'une autre charge très-grave se trouve imposée à la y> caisse des retraites des douanes, lesquelles comptent dans » leurs rangs beaucoup d anciens militaires, par l'effet de » notre ordonnance du 22 novembre ibrs, qui , après dix >1 années de services administratifs, assimile à ceux ci, pour » les droits à la pension, les années de services militaires » non-récompensés ; » que ladite caisse des retraites se trouve ainsi substituée » de fait à noire trésor pour le paiement d'un grand nombre » de pensions dues à d'anciens militaires ; et que çe motif 5) nous impose plus spécialement le devoir de subvenir à ses » besoins et d'assurer son service. » que dans de telles circonstances, il est juste d'attribuer « à la caisse des retraites des douanes , le sixième réservé à » notre trésor, dans les produits de saisies, en laissant en » même temps ,à la charge de ladite caisse , les frais qui, à » ce titre , é.loient supportes par le trésor. » fit qu'à défaut d'une telle mesure , la suspension inévi* » table du paiement des pensions de retraites, menaeeroit x de compromettre je service des douanes, de la manière la	pénis	1	1
debats	1819-06-23	1	2	P2_TB00003	1106	1136	107	2865	donnera aussi quelque chef-d'oeuvre de même force que le ballet de duport et que'celui d'albert. ceux qui excellent à exécuter veulen t aussi se donner le mérite de produire. un violoniste supérieur ne se croiroit pas-fils de bonne mère, s'il faisoit 'entendre sur son instru-4knent d'autres concertos que les siens ; les cordes de sa lyre obéissent sans résistance au mouvement dé ses doigts, mais les muses créatrices sont rebelles à ses invocations et à ses prières. si la moindre étincelle de génie eût remonté des pieds de duport dans la tête de ce danseur, eût-il songé un instant à attrister nos yeux du spectacle de ses monstres lrorribles, informes , gigantesques, et dont le front épouvantable éloil armé d'un œil unique, aussi grand que le contour d'un bouclier ou que le disque de l'astre de la nuit? que les convenances théâtrales aient fait réduire les proportions de cet œil odieux et ridicule , elles ont afloiblî la vérité du.costumé sans dimiuuer l'horreur du spectacle. polyphème et ses compagnons seront toujours au nombre de ces objets, qu'un art judicieux doit offrir à l'oreille , et reculer des yeux. et quel supplice en eliet de voir une nymphe , jeune et timide, hvrée aux tentatives audacieuses de ce satyre colossal ; quand jupiter s'avise de le foudroyer, il prend admirablement son temps ; jamais nn dieu n'intervint plus à propos dans un dénouement. .toutes ces scènes dégoûtantes sont néanmoins entremêlées de tableaux d'un genre tout opposé.* les grâces , les petits amours , les nymphes des plaines de l'enna, viennent; délasser les regards et faire une agréable diversion aux fureurs amoureuses du cyclope. 1 ais rien ne se tient ; tout est décousu dans cette série de peintures voluptueuses ; ce sont des morceaux sans ensemble', qui n'ont coûté au compositeur d'autre èflort que celui de transplanter dans les champs de la sicile dès danses qui ressemblent à celles de tons les ballets	voluptueuses	1	1
debats	1819-07-13	1	3	P3_TB00003	3793	1133	1225	94	les argqmens que notis avions tirés de k simultanéité dés désordres qrti oni'éelàté daiis plûsieûra e graiidcs#côl&a'u*rôyaîimé et les airiijmes quei nous en avions connuessont aùj'dùrd'iiùl , pleinement justifiées par les aveux échappes dans 'cetuk. séance s m; ie président de la commission provisoire' d'instrudlion publique. ce n'est donc pas seulement à nantes, 'a montpellier. û'pafis quela licence a été porle'e aux derniers excès* le feti delà révol e !v' été soulïjé aux élèves de bennes, de bordeaux, dé lybn,'élc.*elo. f et l'on avoue que les artisans de ces tentatives criminelles étoie'nt des hbgnhes du dehors , et'qu'ils ont essayé de parvenir a leurs fins par des manœuvres odieuses et par la corrupti'dn de l'enfance.*' m'ais ,-,demanderons-noijs à m. le pi'ésidèht, coinnient èe's hommes du dehors ont-ils pu pénétrer dans l'intérieur des col-' léges? gomment leur?,manjûeuyres n'ont-elles .pas été éclairées et dénoncées à temps à 1 autorité, publique? comment l'enfance est-elle abandonnée aux artifices de ses corrupteurs? a ces questions s'appliquent les intérpellàtions pressantes de m. lai né, et noqs né devinons pas ce que l'on peut répondre à son éloquent dilemme. ou les lois existantes suffisent pour remédier à tant de iqaux, et pjévenir le retour de ces dangers * et alors il y auroit nécessairement des hommes coupables d'impérilie et de négligence; 4 il y auroit du moins une organisation bien vicieuse, qui,par ellemême., et abstraction faite de la volonté des hommes * entravèroit l'exécution des lois* ou les lois seroient insuffisantes 1 : et, par quel oubli de, leurs devoirs 'les hommes responsables aux familles du plus piécieux de tous les dppùls, tardent-ils à provoquer une» législation plus posilivo, plus forte, plus efficace ; plus-propre à, » tranquilliser lè présent, et 4 contenir le torrent qui menace » faveuir ? » n'est-ce pas, en peu de mots, l'abrégé des oobtrines que les dei nicis événement nous ont engagés à rappeler?* 3 le mal est venu du dehors! oui,' sans doute, et il est malheureusement de notoriété que les pamphletsles plus sédit eux drcntèift daps les mains de la jêuriesse étudiante* et qui par suite des idées qui pénètrent dans les collèges avec leurs feuilles einpoisohnées , un esprit d'indépendance précoce soulève les esprits dés élèves contre les doctrines eonservàlrices et contre le frein salutaire dé la discipline. de là, le inépris de la religion , la tolérance dédaigneuse de l'aptorilé des ma.itres considérés comme simples machiné d'euspignement , et unedisposiliota toujours prochaine à se débattit dans les foibles,liens d une. obéissance qui n'a rien de doux ni ilfi facile, contrariée qu'elle est constamment par les passions et ptftl'orgueil 1 !!** .-. f - - vs. jw • mais ces maux , dont la source est extérieure, ne sont-ils pas aggravés par des innovations dont l'effet inévitable est d'éntretènir çt de développer, dans l'espirit de la jeunesse des germ'es d*tf£. quiétude, et un libertinage d'bpinion qui remplace ,°et beb idééè fixes, et ce-calme de principes sans lesquels ii est impossible de mener à bi.en des études graves et .sérieuses? qu'à-t-w fait', pïft exemple , en ouvrant, pour des enfaus de douze à quihxe'ans** des chaires spéciales d'histoire , que de leur ôter, 'par dës ofecffpations faciles ~le goût dés travaux de première nécessité, èt rouvrir une carrière à des discussions politiques dont la nàtuye'et le danger sont subordonnés; moins encore aux bonnes ihtëntîo&s tpflà la capacité du professeur,? £è mal là ne vient pas du niais il s'amalgame parfaite m eut avec celui dont l'origine' en vient* ils se rèiifûreeut tous les deux l'un par l'autre ,°et il est dans l'ordre que de petits docteurs , tout remplis de leur minerve, prêtèrent aux vers de virgile les événement de là fronde ôu de de la ligue , elle champ de mai au ( x plaines du laurenliim et'ilti siuiovs. . ni lorsque le principe de ces désordres est si évident et si facile à signaler* lorsque la nature des 'eiféls suffit pour en reconuo'itre' et pour en déterminer les pauses avec une sorte de précision màthtfnialique* lorsque tout, jusquatix murs des écoles déshonorées, chaque jour, par des inscriptions ou séditieuses où impies , accuse l'anarchie et 1 irréligion des excès dont les écoles sont le théâtre , on vient nous dire, avec une confiance intrépide, que cette corruption prématurée de l'enfance maiiquoît à l'histoire des pahis? c'est la présence des partis qui provoque la jeunesse'à la révoltet* pour désarmer là jeunesse de ses.sentimens • d'indépendance anti-sociale, il'faut préalablement désarmer lis partis. et quels soùt donc ces partis sur qui l'on affecte de rejeter indistinctement les loris dès élèves? nous ne coniioissons en france qu'un seul parti; car sans doute on rougiroit de flétrir d'une dénomination aussi odieuse la réunion des amis de la cause religieuse et royale. dr, çe parti unique est celui dont les doctrines soutenues avec une impunité scandaleuse , tendent à ébranler toutesles bases des pouvoirs a déplacer l'hiérarchie constitutionnelle, à profaner parle ridicule, et à rendre odieux par la calomnie, l'exercice de la religion de l'etat* à rappeler exclusivement, dans dés écrits perfides, les souvenirs de l'usurpation * à remettre en honneur les maximes et les institutions révolutionnaires* voilà le parti, le seul parti , nous le répétc/ns , qui cherche dès complices dans les jeunes nourrissons des muses, pour, s'eh faire ensuite des auxiliaires obligés, pour les enchaîner par par des fautes à ses opinions, et pour accréditer cette idée désolante, que la légitimité, la monarchie, la religion; qui: ont lant de reproches a faire au passe, ne doivent espérer aucaite garantie de 1 avenir.,g est ccn. re ce parle, et non pas contre les partis, expression vague et effrayante par sa généralité , que devait .tonner m. le président de la eommijssiou.d'instiàielion publique. mais ;;eûè • ailurélr.lnche el déterminée n'est.pas celle db hoijiomines d'liut.	libertinage	1	1
le_courrier	1819-08-02	1	3	PAG_3_TB000001	2137	1502	125	407	il appartenant, la plupart, aux premières familles grecques de ? janina, et précipitées à la fois dans un lac par ses ordres , n'a m pas d'autre cause que son affreux libertinage , uni à a... p 1 lis af-f) freuse cruauté. la plus belle deces femmes, euphrosiae , quc les m grecs modernes comparaient à leur ancienne aspasie, pour la ? grâce et l'esprit, mais qui en différait beaucoup par l'honnêteté 1) de ses m?urs,,avait eu le malheur de plaire au pacha , dont les ? offres, les promesses , les menaces furent également vaines. il ? résolut de se venger de la malheureuse euphrosme, par titi ? crime afi'rcl¡x. il se rend une nuit sous les fetiêti-es de son appartement, accompagné d'une troupe de sicaires , et à l'aide m d'une éclielle , il pénètre lui-même jusqu'au lieu oh elle repo,) sait au milieu de ses enfans.... ap rcs un torrent d'injures et ? de reproches, il l'arrache de son lit, l'entraîne nue et inoif » j'a h te hors de sa maison, la livre à ses satellites , et ordonne , qu'on la conduise à la mort. mais pour déguiser l'atrocité d'une ? vengeance personnelle qui révoltait a la fois la morale et l'hu-il main té, sous le prétexte d'une vengeance publique qui, en , il outrageant davantage l'humanité , pouvait du moins paraître s servir la morale, il fait saisir, au même instant, seize autres » femmes qu'on soupçonnait dans le public, quoique la plupart ii à tort, d'avoir des liaisons avec ses fils, et les fait toutes jeter, » avec euphrosine , dans le lac de janina. quelques circonstances o ajoutèrent encore à l'horreur et à la pitié qu'inspira cet evene-» ment. une de ces femmes étaient enceinte , et cet état ne put o la sauver; et ce fut son mari, un monstre nommé nicolas m janko , qui la livra lui-même au pacha. une femme d'eu-il phrosine s'obstina à suivre sa maîtresse , et la serrant étroite-» ment dans ses bras, elle se jeta avec elle dans les flots. deux i « s?urs, dans tout l'éclat de la jeunesse et de la beauté , se rap-1 » pelèrent, au moment de périr , leur tendre et constante union ! net tous les plaisirs in*oceris qu'elles avaient goûtés ensemble; ? i) elles remercièrent le tyran de ne les avoir pas séparées dans » ce moment fatal , et se tenant embrassées , elles se précipitèrent 1) ensemble dans le lac. tout janina, à la nouvelle de cette hor-» rible catastrophe, fut frappé de consternation et de terreur. )j pendant plusieurs jours les portes et les fenêtres de toutes les » maisons restèrent fermées , les rues étaient désertes , les rela-!>,' » lions d affaires et desociété étaient interrompues : on eût dit . 1) que tous les habitans de celle ville avaient péri avec ces dix-; m sept femmes.	libertinage	1	1
le_courrier	1819-08-02	1	3	PAG_3_TB000002	1138	1483	125	2547	; » de telles horreurs ne sont encore dans ali-pacha que les ef-¡) tels de son affreux libertinage ; mais que de crimes commis » chaque jour par son insatiable cupidité ! tantôt il fait reprendre » des procès terminés, pour extorquer de l'argent aux parties. il » spoue les veuves sans enfans , en annonçant qu'il est l'héritier » nature! de toutes ces familles. souvent. il frappe tout un pays ,;, « de- contritions extraordinaires, ou il l'accable par de longues - corvées pour élever des palais, des forteresses , monuniens de vanj? ou de son ambition. il fit mettre aux fers mourlach-bey, d une des premières maisons de janina, qu'il força, de cette manière, à lui céder à vil prix une superbe campagne > qu il possédait dans la province de l'aria. c'est par le vol ou » par 1 assassinat qu'il a acquis peu à peu lés terres immenses qu'il possède dans cette province; toutes celles de la province » de janina et la plupart de celles de la thés salie , de l'aca/'-lame, e 1 rtolie , de la locride et de l'epite. non con- » tent de dépouiller des particuliers , il spolie des villes entières ; fesfnei eu ihessalie ; poscopoli.r, dans la macédoine, sont b livrées au pdlage comme des villes ennemies. cette dernière était une ville grande , populeuse . commerçante , lettrée. elle il n'.a p s aujourd'hui qu'un petit nombre de misérables ha-8 ojtans.	libertinage	1	1
debats	1819-08-10	1	1	P1_TB00006	1780	1121	65	647	madrid, 25. juillet\ t)n assnre que l'ambassadeur anglais, en communiquant à notre -|>uuvernement la lui qui vient de passer dans les deux chambres du l'arlement d'angleterre., a déçuh® qui son gouvernement, uou seulement exécutera celle mesure a la rigueur, dès le juùr on la lui entre en activité , mais qu'il enverra une escadre dans le£ mers d'amérique pour contenir les pirates naviguant sous le pavillon des£ii)st>rgés, et qui'attaquent indistinctement le «ahjwt-ïrwe de toutes tes iialious. l'expédition de 0000 liumaries, qui a mis à la voile du port de cadix , le 17 de ce mois, se compose de deux régimens d'infanterie , ceint de catalogue et celui de iflalaga , et de 800 cavaliers ; elle est sous le commandement du lieutenant-général cagigal , nommé depuis long- temps capitaine-général de caraccas. la destination de celle expédition n'est point connue ; mais toutes les conjectures s'accordent pour désigner la côte-ferme ou l'ile de cuba. l'embarquement des troupes a été effectué sans le moindre murmure, malgré les sceues des jours préçédens. les transports qui les conduisent sont au nombre de douze, dont sept espaguols , deux anglais , deux russes , et un iran-- çais ; l'escortese compose de la frégate de s. m. la sabine , et du brigantin te léger. lout ce qu'on débite dans irs pamphlets français sur la possibilité d'une révolution parmi nous, est aussi absurde que ridicule. la résistance que nous avons faite il y a quelques années, et qui nous a donne quelques droits à l'estime du monde prouve ce. que notre nation est capable d'entreprendre. nos mœurs se sont un peu relâchées sans doute à l'aide de ballots de livres empoisonnés que la plus active surveillance ne peut toujours empêcher de s'introduire en espagne; mais pour que les ouvriers en régénération trouvassent parmi nous des frères et amis en assez grand nombre , il faudroit que i libertinage du cœur passât à l'esprit, et les espagnols sont loin de 1 t. grâce au ciel , la sage leruiclé de notre koi nous garantit pour un.g-temps toute sorte de sécurité. a ceux qui'prétendent que null e gouvernement est ennemi de l'instruction f on peut répondre qu'il règne au contraire dans plusieurs de nos principales v illes une impulsion remarquable yei's des sciences, et principalement vers les sciences naturelles; que notre jeunesse, guidée par d'excellons livre» de zoologie , dont les molikacçl ses d'azara ont enrichi notre langue, se livre a l'étude de ces connoi.i-saocea préféraliiement à la politique; que les amateurs de botanique parcourent awç lruii le domaine de cette science que gavaiiillës et llutis ont agrandi par la description des piaules découvertes li y a quelques années au cbiili et au' pérou .. les cours particuliers de chimie et de physique , établis daus plusieurs provinces, sont également iavoiliés par le iioi. s. m. permet que ces chaires soient indépendantes des universités où l'oit n'enseigne plus que ta théologie et le droit. eufio des professeurs espagnols, remouillés pour l'excellence de leurprincipes, doivent partir pour visiter les meilleures ecoi.es de franc., et nous espérons que ce commerce de coonoissances amènera des résultats hroreux , et répandia en france des notions plus justes sur l'étal inoral de l'efspagrie.	libertinage	1	1
constitutionnel	1819-08-15	1	3	Page1_Block2	3969	1218	1244	49	) v : : .. \ '■ maîgrécè qîâmtr pîfc diré ihgnôj-âiicë ét surtojit l-esprit cie jartîj % sujet dé charles /détail bien choisi. le plus grand des poêles morï« • listes après 'ilomèré , lé ^treinier dés tragique» <3u monde , jsapiiqçlt. • aurait adopté ce' sujet s'il l'eût trouvé d'ans tes annales d'athènes»- au premier conp-d~œd , il y aurait-trouvé des leçoïu encore piui grandes et plus terribjles que'celles que son génie a fait jaillir dé l'inceste d'oëdipt , des crimes d'egyste vainement averti par les dieux ; des fureurs de clytèmnestre , conduite au meurtre par l'a- 1 dultere , ej. du délire d'oreste , instrument de la vengeance d'apollon. en effet,'si 1 impérieuse fatalité qui a précédé la qftissan.ce du fils de laïus blesse la raison, offense v justice sains servir la. morale , cette autre fatalité qui s'attache au coupable dès le môment 3u crime-, celllt loi éternel lé qui lè traîné à un châtiment inérilahlé, ne sont-«lles pa» les plus salutaires exemples que la tragédie puisse mettre sous les yen* de l'homme alin de l'arrêter au mciment ou des penchans pervers vont l'emporter danà son coeur? pour l'instructiop des princes et des han tions ) qii'est-ce qu'oedipe, parricide malgré lui et cause innocenta des malheurs d'un peuple, auprès de charles ix, asiassiu volontaire dé ses sujets? là punition du roi des îhébains, si touchant dans soa malheur, fait-ehe étlater la. justice des dieux comme le délire de. charleijix, anticipant par.ûne agonie affreuse sur le supplice qui a'attend au-delà d'une via qu'il abandonne avec terreur ? on répétem sans doute que c'est offenser là majesté royale que de mettre sur là •cène un prince- coupable d'un p:«rèil attentat ; nous répondrons qiie là , théâtre d'athènes, comnïe celundes nations modernes, remplacé le fa-» faeux tribunal qui arrêtait les rois de l'egypte sur le sein! du (.orn* beaui c'est aii nom de la morale universelle que le poète tragique traduit non-seulement devant léiirt sujets, mais encore devant tour les peuples du monde, les priuces pervers qui ont joui de leur crimi et bravé le pouvoir des lois. clytemnéstre ivre de son atnoùr et de son forfait, célébrant deâ fêtes et des sacrifices son! les yeux des furies qui là regardent, cher-* chant à étouffer ses remords par son audace , trtwbw cependant paf un songe prophétique, endurcie ou plutôt épou vantée jusqu'à pouvoir 1 apprendre avec joie la fausse nouvelle d» la mort de son fils ,lèspéranl le bonheur et la paix dans le cri ne, et tout-à-coiip immolée par sort propre fils, et exposée aux. regards 'd'egvste, qui, près de mourii 4 comme elle , la trouve envetoppee dans un voile sanglant au lieu dti cadavre d'oreste qu'il espérait contempler, est sans doute éminem-* ment tragique; mais un penure du cœur humain , un peète convaincu que le but de son art est surtoul-d'eitrayer les princes que les discours des flatteurs et l'ivresse du. pouvoir invitent à tout oser j n'aurait-il donc pas regardé catherine de médicis comme un pêmonnage fait pour la s ène ? , -- quelle femme que cette reine! et que ce norn de médicis .doit é(rtf odieux à la france ! stérile pendant*dix ans, catherine obtient dix eu-», fans dans le même nombre d'années , et. ne laiss^'spupçomier à per-> souîie sou ardente ambition. sans crédit sous françois jj, son fils, qiji était livré aux guises i on la voit endurcir--le coeur de sçs enfans pai* des spectacles cruels , ou le corrompre par des fêt^ voluptueuses , et tenir avec ses filles d'honneur une école de séductions qui, devaif tourner au profit de sa politique. jalouse d'utl pouvoir qu'on loi re-* fuse , ellc favorise d'abofd les protestans , et développe le germe-c^n-»- poisonné des guerres civiles. françois ii meurt, charles ix est sur ltf trône, le règne de sa mère commence. . periidë envers tous les partis, capable des plus noires intrigues, siw perstitieuse et sans religion , méprisant assez là vie pour l'exposer au •besoin sous les yeux des soldats, semant la discorde dans sà famille^ formant charles ix à la 'dissimulation et au par jure , elle ne signe la paix qu'en se réservant les moyens de ressusciter la guerre civile^ prépare au milieu des intrigues galantes , du lîixe et des plaisirs, iw sassinat des protestans; embrasse çolignyla veille de la sairit-ïarthé-f lerny, excite un roi delfrance à tirer sur ses sujets', et regarde froi-* dénient avec les femmes de sa cour le corps dé ses victimes nues eê sanglantes. enfin , odieuse à gkarléslx, qui veut en vain lui re prendre l'empire: odieuse â la france, dont elle a prodigué le sâng. et les trésors;'tombée dànsle mépris,et pourtant redoutée, eîlctr;ubb encore la vie de henri iii, et jnenrt à soixante-dis ans , oubliée, mais non punie, ajontez à cet amas' de vîcés et de crimes là légèreté de son sexe poussée aussi loin qu'il est possible de. la porter yiie cer-; tjtiue élégance de manières,, tin aiuoiir éclaii-é des arts qu'elle avait puisé à la couf de florence, ei vous aurez dans catùeriue dé mé?* dicis une femme dont tacite ni b-aciaé n'auraient omis de nous don ner ja vivante peinture» ' 1 on a beaucoup reproché à clieuier d'avoir fait bénir ter poignardé des conjurés par'le cardinal dé lorraine,frère dii duc de guise j il nmis semble que le, poète i/a point porté , par cette suppô.sition , ûii gi;and préjudice au prélat àvili qui, après avoir sacré ïlenri j{, par vint à une grande faveur sous ce prince ^ en flattant.sa paision poujf ja duchesse devalentînois qu41 sacrifia ensùité à la reine-mère. quand ou a fait élever des potences à l'entrée du palais dé folitainebleaii pour écarter les bravés qui venaient demander à charles ix lè prix de îéurâ sacrifices ;-quand on â voulu introdnire en france le tribunal d<i l'inquisition ; quàiïdtitta été lé persécuteur acharné des pfo tes tans, itf. prédicateur de la guerre civile , et l'un des principaux chefs de 1^ ligue , ass'urément on n'aurait pa« balanc# à approuver i k au-» torisef^ême une aussi sainte entrepriié qne celw de l'ester^- raiuation (les huguenots. si !a supposition da p'oète a pu bles-f ser la vérité , assurément elle ne choque pas la vraisemblance! d'^illevirs i dans ces teiïips dé vertige et de fureur, eome et sixte^ quiat approuvèrent la sairit-barlhélemy, et mire» t jacques clément ai» nombre des salnt'sj de pareilles autorités dorinaieiit assurément quel-» que liberté au poète qni voulait, à l'etempfe èfe.voltaire^ nous mon,-- treries dangers du fanatisme religieux* pour notre manieur, la leçort devait 4tre »térile ; malgré le» j^ogrgj» ]ttaii»r«s 7 inîljrç lea xoa-	voluptueuses	1	1
constitutionnel	1819-09-03	1	1	Page1_Block10	3336	1217	1241	464	■■ 4 „. , m ** ■■ ■ * '■ ' ' ' icsiâvis t»i pmuroni iivfernssri'. lis pablic. -pris; du journal,]8 f. pour 3 ramn r. ; ôt ^8 fvs on s'abonne âti bureau du journal ,'nj*! -iu* y»»sirard , n°. i5. \\ t i a île btiutiîvâf'l poissonnière , n°,, i8 : h ei.a on a y , v;il«»s-roy•'«!; cl «litra les (iirccicuft de portj au l)iiecic«ir ilu cokstitotiohs*!. , rue <îc vauguiud , \\°. >5.^ \ , .' .allemagne. u.. 1 . ,• ... 'sïutlgtfpi 1 f. 27 -acût, • '• , , , kiiiintoutes les inbertitudes sur le .résultat dos travaux constitutionnels /^ut:dis.>i| , ® ci > .et,nous apiu-euons aujourd'hui îuèuie que toutes les opii5ion$ i,^out rcuuiés sur les nidifications dcmaiitjees au projet de constitution, et • tji'jw, 1 -s'occupait de-la rédaction déliiiilivr'l'e l'acte qui, sera présenté à l'as* .shmblée générale-de la diète. c'est'en conséqucuce de cet accord que le*  dèpxitijs ont été invités & se ré'utiir à' louisbourg le i* r scptcm'lirc . alin que lej séances-</z/;/«/<» pusse.ul avoir lieu .dès le lendemain. ou dit que ce*t • m. -de weishaar, député,de stuugaj:d., qui fera à la diète le- rapport sur la ,, -nouvelle coaslimtiou,, sur laquelle s'ouvriront aussitôt les tiiscussions; /' nous apprenons qu'aux environs rîe ferlin on insùite aussi les jjiifs : ou a ■ wiivs^ quelques mauvais sujets qui poussent autour d'eux le cri d'outrage '.: (1) un juif qui u opposïiil qu'un rire de. pitié à. cette (^anailk'se -santit tout-ivcoup , .en punition de smnodiraviou , apostrophé d'un vigou- re&-x i.i«l|uet,piir mie lèmme , et .pour éviter une dispute de mots, il' riposta aussitôt de in mêiiie manière; il lut arrêté, iniiis le magistrat l'a l'ait de suit» .remettre eu liberté. i ( - , - i ' francfort, 2g août. ■ - .pe. nouvel les dépêcliesarrivées ici de la part du prince de mctiemich qt d^plusieui-s a'ulres miuistrelallemands réunis à carlsbad, ont douué lieu k _uu#séance extraordinaire de ja diète, germanique dans laquelle celle assein- bl.ee à dé, nouveau ajourni ses..vàcaiices , cl décidé qu'elle îestcrâit rcuiiiâ juifqu'à la fin jle sépti:mbre. ou en co'uclut que des objets majeurs vont cifiore être soumis a ses délibérations. '  - : -, çj;» autie courrier a aûssi apparté une note du prince de ftktlernich'j ; advcswe'è'notrç-sénal, j b u;sujet des enouvemenj tumultueux qui qm eu lieu ; ici|couti«fje$ juif)».' ■ . . .- . - - uto.vqiullité est enlicrement rétablie à darn.stadt. le grand-duc a pris _ le .sage parti de ne. se servir p.our.le niaiiitien de fordte que'de la laudwclir ; ' les.troupés-de ligue ont été i ousifjnées dans leurs cascraes! ' ' qu attend ici ta futùi'è reine d'espagne .'qui partira de dresde dans 1rs -tlerbiei's jours d aoûlpour se-rendre à iviudrid. la célébration >du mariage -«lo k avoir lieu aujourd'hui: par procuration. de grandes .fêtes ont commencé ; à jiîrcsdo. - , , , r .,<on ut j-~» t» ^gtte^ d-ihhdu.^i aoar, le paragraphe suivant : ; . « qupique le gouvcnieniunt jivussiei» estime el favorise la publicité-, cc-_ r» pendant il ne petit' tolérèr qu'on abuàe des gazettes et des journaux .dut . , 'i> pays pour blâmer les mesures qu'il a prises. en conséquence , les jjazettès ' » qui paraissaient' a n'aumbourg el à zcitz, ainsi que la feuille périodique, -■v intitulée hermarin, sont -supprimées , pour s'être permis des assertions ai très-iodisoreles. , ' -, i - flv - - -* - <■ ) - i ,•»; • - , . ^ r - • î - . . fntiini ii u n ' i - : , - -, . septembre.- •. les hotames de i 8 i 5 ont adopté un système • d'hypocrisie qui -m laisse pas-de'faire quelques dupes. m. de ghâteauliriand exploite la partie religieuse , et m. fiévée, qui est très-fort sur l'article des mœurs, s'est- chargé de la morale ; mais il serait bon de savoir ce qu'ils eutendentpar cèsniots re.ligioriet morale , dont ils font un si fréquent ■'usage. les uhrà sont pleins-de dissimulation , (nais il leur échappe souvent-des naivetes qui les inettent-à découvert, et alors ce qu'on eti : voit e*cii« l'indignation et le mépris. nous allons ea citer un exemple frappant. • • - ' ' . '■■■•' ■- • jnous avons -souvent parlé de la terreur de-1815; ncrusavons, signalé ' les premiers, avec éuergiè, les mesures acerbes des révolutionnaires aristocratiques de cette douloureuse époque; nous avons gouti des excès et des crimes dont les auteurs se regardaient comme inviolables ., parcequ'ils allaieiit à la. messe , et qu'ils commettaient toutes leurs horreurs, en criant : pi va le roi quand même! nous avons constaïa- wientj cherché à soulever l'opinion - contre ces bandes noires de déla— vtears et 'de brigands qui désolaient la ii ? rance sous la protection et 4 rihstigatiqri ^lu parti soi-disant monarchique;. il est probable que le , constitutionnel doit le succès honorable qu'il a obtenu à ces révéla tions qui sont sans danger aujourd'hui, et qui exposaient alors lés écri vains à'la calomnie et aux proscriptions. kaus avons atteint notre, but; ta.france s'«st indignée de servir de curée à la -incuta oligar chique j et te régime de ibi5 a été changé aux acclamations ces hon nêtes gens et des bons français. les i////-a, frustrés d'une proie qu'ils dévoraient avec sensualité , n'ont pas manqué de.jeter des cris de douleur. parce qu'on n'égorgeait plus les protestans , ils ont assuré que la religion était perdue ; lors— squ'on -a rappelé quelques,'malheureux bannis, ils ont dit qu'il u'v avait plus d'humanité en'erance; lorsqu ? on a parlé de- livrfir aux triburutux ies^assassins du -maréchal brune,, ils se sont écriés que le ri-gne de la justice était passé, sans retour; ils .out applaudi aux calomniateurs de la'victiiue; paree-qu'ils ne'sont plus persécutenrs , ils- disent qu'ils sont persécutés^ j»arce'qu'on les empêche de vexer icurs coricitoyens^	sensualité	1	1
debats	1819-09-26	1	2	P2_TB00002	3784	1140	1297	105	» mis, pour relever une seconde fois ce qui retomberait de nouveau .* ( ihid. .pag. 320. ' voilà l'homme qui accuse les royalistes de vouloir entretenir une | guerre éternelle enire les principes et les intérêts de la monarchie ; et ceuxde la révolution ! voilà l'auxiliaire qui oll're aujourd'hui son | appui au mit,lisière du koi !, f. autre exemple deluneônséquence qui éclate dans les reproches adressés aux royalistes ! on ne cesse de répéter que nous traitons, de jeunes barbares la génération née'et élevée sous l'iniluenco de la révolution. hé bien , c'est m, benjamin de constant qui nous a fourni et l'idée et 1 expression. dans l'ouvrage de l'esprit de conquête , etc. on lit , pag. 90, et 96 : . « comme lorsqu on verse des flots d'une liqueur froide dans une » liqueur bouillante, la chaleur (le celle-ci se. trouve alîoiblie, de » même, lorsqu'une nation civilisée est envahie par des barbares, » 011 qu'une massé ignorante pénètre dans son sein et s'empare »de ses destinées, sa marche est arrêtée, et,elle fait des pas ré» irogades. l'our la grèce, l'introduction de i influence tnacé» donierinf: polir rome, l'agrégation siiecesive des peuples con-11 quis ; enfin, pour toutd'empire romain, l'irruption deshordê» » du nord , furent des événemens de ce genre. » en france, les troubles de la révolution ayant introduit » dans le gouvernement une classe sans lumières . et décoturagi, n là classe éclairée , cette nouvelle irruption de barbares a pro» ifuit le même etl'et, mais dans un degï-é bien moins durable, « parce que la disproportion étoit ni tin . sensible. « jamais puul-é rc m. de constant n'a fait preuve d'autant de talent q iê-lorsqu'il peignit les funestes ell'eis de celte noiveue barbarie sur toutes les classes de la nation , el spécialement sur le militaire. • « quafre cent mille égoïstes, ditr-il page t/, , bien exercés , » bien armés, sauraient que leur destination est de donner ou de » recevoir la mort', ils auroient supputé qu'il valoit mieux se » résigner à cette destination que s'y dérobe;-, parce que la ty» raimie qui les y condamne c<t plus forte qu'eux. ils auroient , » pour se consoler , tourné leurs regards vers la récompense qui n leur est promise, la dépouille de ceux contre lesquels on les » mène. ils marcheraient en conséquence avec la résolution de » tirer de leurs propres forces le meilleur parti qu'il leur serait n possible. us n auroient , ni pitié pour les vaincus , 11 r respect » pour les foibles, parce que les vaincus étant pour leur auditeur » propriétaires de quelque chose, ne paroliroic.nl à ces vainqueurs » qu'un obstacle entre eux et le but proposé. le calcul aurait tué » dans leur âme toutes les émotions naturelles, excepté celles n qui naissent de la sensualité ; ils seraient encore émus à la vce n d'une femme. ils ne le seroient pas à la vue d'un vieillard ou n d'un enfant. ce qu'ils auroient de connoissances pratiques leur » servi roi t à mieux rédiger leurs arrêts de massacre ou de spoliation. » l'habitude cites formes légales donnerait à leurs injustices l'iin» possibilité de la loi. l'habitude des formes sociales répnndroit » sur leurs cruautés un vernis d'insouciance et de légèreté qu'ils » croiraient de l'élégance. ils parcourraient ainsi le monde , » tournant les progrès de la civilisation contre elle-même tout » entiers à. leurs intérêts, prenant le tueurlrt pour moyen , la « débauche pour passe-temps , la dérision pour galle, le pillage » pour but , séparés par un abîme moral du,reste de l'espèce » humaine, et n'étant unis entre eux que comme les animaux » féroces qui se jettent rassemblés sur les troupeaux. » tels ils seroient dans leurs'succès : que seraient-ils dans leur; » revers ! » comme ils n'auroient eu qu'un but à atteindre et non pa » une cause à défendre, le but manqué, aucune conscience ni » les soiiliendroit. ils 11e se rattacheraient à aucune opinion , il « ne tiendraient l'un, à l'autre que par une nécessite physiqis » dont chacun même chercherait, à.s'aflïanchir. » l'égoïsme qui, dans la prospérité, auroit rendu ces coït qnéransdela terre impitoyables pour leursennemis, lesrendràt » dans l'adversité indifférons , infidèles à leurs frères d'armes. gt » esprit pénêlreroil dans tous les rangs depuis ,1e plus élevé jis» qu'au plus obscur. chacun verrou dans son camarade à l'agotie, » un dédommagement au pillage devenu imposable coure » l'étranger; le malade dépouillerait le mourant; le fuvard iipouilleroit le malade. l'infirme et le blessé paraîtrait'nt à l'oft» cïer chargé de leursort un poids importun dont ilsedébarrassernt » à ton! prix; et quand le général aurait précipité son armé,: dins » quelque situation sans remède, il 11e se croirait tenu à rèu n envers-les infortunés qu'il auroit conduits dans le gouffre ; ilne » resterait point avec eux pour les sauver. la désertion lui san» bleroit 1111 mode tout simple d'échapper aux revers ou derépuer » ses fautes. , » sans doute ces conséquences'de l'esprit militaire fondé jur » des motifs purement intéressés ne pourraient se manifester chns » leur terrible étendue chez aucun peuple moderne, à moinstjue » le système conquérant ne' se prolongeât durant plusieurs gmé,» rations. grâce au ciel,des français, malgré toiis les efforts de . » leur chef, sont restés et resteront toujours loin du terme vers » lei/uel il les entraîne.. » voilà donc te terme vers lequel la révolution nous entraînoit i voilà cette gloire dont les amis de m. benjamin de constant nous entretiennent sans cesse, et à laquelle ils nous nccusen. de faife le procèv! avons-nous jamais été plus sévères, à cet égard, que fauteur du passage que nous venons de citer ?	coït, sensualité	2	2
debats	1819-10-06	1	3	P3_TB00002	1074	1114	56	2837	fiioi, tenté l'impossible; le don de plaire nous vient de la nature, l'ar t d'étr e aimable-échoppe à toutes les analyses et ne peut se réduire en méthode. qu'est-ce le plus souvent que l'esprit de conversation ? j.e talent de réunir les idées les plus folles et les plus disparates, et de les evprimer par des mots bizarres, étonnés de se trouver ensemble. quelle part n'a point la prévention des auditeurs dans l'esprit de celui qui parle? combien île l'ois ai-je vu des pensées communes, des plaisanteries usées accueillies ave transport parce qu'elles sortoient îla lu boui-he d'un b nume laineux par ses bons mots , taudis que les .saillies piquantes et les réflexions profondes d'un boni me sans réputation, aliment mourir dans l'oreille des auditeurs indillérens. ceux à qui le ciel a refusé une élocutiou brillante et facile, vcirnut, dans 1 'essai sur l'esprit de conversation , par quels moyens ou parvient à leur plaire; mais ils n'y trouveront pas le moyen de plaire euxmêmes. —ou parle beaucoup d'un cercle européen qui va s'ouvrir rue du montblanc. là serniit réunis tous les «iitusenieus divers que les arts , et les plaisirs enlans des arts ont inventés poui désotuuiyei l'opulence. a midi, quaud le soleil au milieu de saeoutse permet aux gens bien élevés de se montrer ru publie, un rival des véry et des deauvillier vous oilrira tous ces mêls délicieux qui piquent la sensualité ; eu t*iême temps un professeur.de poésie ouvrira son cours, et un maître d'armes, son académie; up astronome vous démontrera la théorie céleste, et d'habiles musiciens vous rappelleront sur la terre parle bruit harmonieux de leurs instrument que si pourtant l'ennui vous alteignoit au milieu des professeurs de poésie, des astronomes et des musiciens, alors des équipages bfillans n'attendront que vos ordres pour promener votre heureuse indolence dans les longues avenues du boulevard , et dans les allées dn bois de boulogne. le soir , les beautés kia mode et les actrices les plus célèbres viendront ajouter à ce	sensualité	1	1
constitutionnel	1819-10-07	1	1	Page1_Block13	1984	1192	1293	2001	la/france régnait sur l'europe par de brillantes conquêtes ! à la suite d'un mémorable revers , qui l'a placée près de sa ruine, ce scep tre glorieux, a paru lui échapper; elle vient de le ressaisir par la main des arts et de 1 industrie, et la jalouse rivalité qui pensait l'avoir abat-» tue, s'étonne aujourd'hui de s«n élévation ainsi que de son éclatr de inémeque la france, l'espagne s'est vua entraînée par la guerre sur les bords de l'abîme; mais elle n'a pa l'éviter comme elle, et son malheur constant l'y a entraînée malgré de générefix efforts. un mot- cependant e&t suffi pour relever cette puissance au niveaij des autre» nations; un mot, et elle oubliait, par un juste dédommagement, ses trop longues infortunes : ce mot lui-fut refuse, sa constitution reje tée ; et le despotisme ressaisissant ca proie, s'appesantit plus que jamais sur un peuple qui ne faisait qu'entrevoir un rayon d'espérance et de liberté. quel.contraste entre ses deux peuplés que le fléau de la guerre; a confondus un instant dans le même abattement et la même conster nation? a la suite de tant de désastres couununs ^ la france est deve nue le sanctuaire de tous les arts, taudis que l'espagne, au contraire , les repousse; l'une se relève aiîssi noble'et aussi grande qu'elle le fut, l'autre se voit décroître chaque jour; celle-là a reconquis sa liberté, celle-ci a resserré ses chaînes; des institutions libérales favorisent et encouragent la première , un sceptre d# fer accable la seconde : d'un côté , tout marche vers la prospérité générale j de l ? autfé , tout-an nonce ou provoque la désorganisation. , cependant, ces deux gouvernemens constitués d'une 'manière! si opposée, paraissent suivre la même directien à l'égard du nouveau inonde. que malgré les opinions répandues sur tonte la surface du glabfe jjjun souverain qui veut régneç pour lui-même , et par sa seule • volonté , accable ses sujets, dépeuple ses provinces , et cherche à satis faire ses chimériques prétentions, ses regrets ambitieux,, se? plans d'expéditions lointaines; cela se conçoit. un tel monarque, s'ilpar— venait à son but, régnerait sur des déserts, à ta vérité j mais il* ré gnerait, et cela suffit. mais desemblables passions n'ont jamais assailli un roi de qui la première sollicitude atou jours été le bonheur et ta prospé- rité des peuples : aussi, cherche-bon encore â se rendre raison de ce silence affligeant du gouvernement français, au sujet des états de l'a' mérique, lorsque notre commerce languit, et de toute part, réclame l'activité. on se demande pçturquoi des relations commerciales ne nous lient point comme autrefois, soit avec l'îîé d'haïti,si riche et si fertile;- soit même avec les nouveaux états du continent américain. quel pri vilège ont sur nous les états-unis et l'angleterre , qui , du midi au nord j exploitent exclusivement les ressources abondantes de ces con trées, et nouslaissen ta peine la facultédeglaneraprèseux misérablement? est-ce que, malgrét'exeruple effrayant que nous offre l'espagne tous les jours, quelques individus aveuglés nourriraient encore dans leur sein des - projets de conquête dans ces régions éloignées ? est-ce*que l'espérance des colons de saint-domingue n'est pas entièrement évanouie? il faudra donc, pour rendre à quelques malheureux exilés leurs propriétés, leur abondance , leur mollesse voluptueuse , qvte tout un peuple prenne lea	voluptueuse	1	1
debats	1819-10-11	1	3	P3_TB00007	718	1107	71	3123	jouanny. dans corioltim il s'est passé de grands événeoièns .8 ce théâtre. m* petit d'étant pa s encore rétablie, m' le laroche a été appelée au rùle d herrailiné. jé h'ai point vu la représenta lion d' androinaque ;je ne puis donc parler de ce' qui s'y est pâssé qtie sf/r dés témoignages étrangers. jvl* laroche ,■ à <|ui l'optique du théàtré est peu favorable , mais qui a «le la chaleur el un organe sans défaifl, â éprouvé de la pari d'un âss-z grand nombre de spectateurs, un traitement ires rigoureux. etoit-cc l'effet d'hne cabale ou dé cette, prévention funeste qui se décidé d'après les premières impressions ? c'est ce que je n'aurai point la témérité de décider. l'actrice a pris uri parti eipéme,- mais courageux i elle s'est avancée sur le bord de la scène :<> messieurs, a-t-éil'é » dit, au théâtre français, \uns ni'»* ?<■?. habituée à plus d'indulgence' » (et le fait est vrai); permettez-moi d'achever mon r<me; je vonsf » promets de ne plus pà'roilre devant coït s •' ces paroles ont désarmé le parterre ; m 4 laroche a continué son rôle et a mérité y m'a-t-oiï àssuré ,• d'y être applaudie. hier soir , et ici jé parlé cri témoin oc'ulaîré ,• avant le lever du' rideau y te parterre presque toftt entier a litraamlc laroche y ti	coït	1	1
constitutionnel	1819-10-21	1	2	Page1_Block4	3862	1236	1395	51	pour nos ultra et p6ur m. d'herbouville en particulier; il faut qu'ils se résignent à la liberté de la presse, qui est là première condition de ce gouvernement. la vérité fait leur supplice; nous leur dirons tou jours la»vérilé. - ~ après la messe, le roi est descendu à la chapelle, où s. m. a reçu le serment de plusieurs évêques. .le roi a présidé le conseil dés ministres , qui étaient tous présens. a cinq heures, s. m. a fait une visite à m me la duchesse de berri. — c'est une vérité devenue triviale que mm. les doctrinaires sont essentiellement des gens.à places, que tous leurs efforts tendent à grpssir le' budget de leurs emplois; que c'est là le but de leurs dé monstrations, de leurs théorèmes , de. leur métaphysique. chez eux, pas une démarche qui ne soit un moyea de cumul, pas une ligne qui ne puisse être traduite ainsi : donnez-moi une place. les doctrinaires sont comme les dieux des mexicains, ils ont toujours soif. d'après cette règle de conduite qu'ils ont irrévocablement adoptée , on devait bien s'attendre que leur réconciliation nouvelle avec m. decazes ne ; serait pas stérile pour eux ; aussi n'ont-ils pas manqué de profiter du laisser-aller qui suit d'abord tous les raccommodemens entre amans comme entre ministres , pour assurer une place nouvelle à leur chef, qui depuis sa démission n'en avait -plus que quatre , état vraiment intolérable pour un doctrinaire. en conséquence , m. royer-gollard doit être bientôt-nommé directeur de l'instruction publique. les doc trinaires regardent celte nomination comme une chose assurée , et ils ont pris le parti de ne plus, dissimuler leur allégresse à cet égard. au reste, des personnes qui se piquent de pénétration disent tout bas que la joie de m. guizot n'est qu'apparente j que cette nomination dérange des projets qu'il avait formés, et des espérances qu'il avait conçues lors de la démission'du président de la commission d'instruc tion publique. — le courrier, qui a ses raisons pour ne pas aimer m.chauvelin, : dont l'infatigable éloquence combat sans cesse les énormes traiteméns de nos hommes d'état, nous répète chaque jour que cet honorable député est malade , fort malade ; il le ferait mourir àu besoin. c'est probablement pour une raison du même genre que le même journal cherche à faire naître des inquiétudes sur la santé de m. gouvion- saint-cyr. que les amis de la liberté se rassurent, mm: chauvelin et de saint-cyr se portent fort bien ; nous pouvons leur promettre qu'ils verront bientôt le premier combattre les abus à la tribune , avec le même courage que le second défendrait l'indépendance natio nale si jamais elle était attaquée. — avant-hier soir, entre sept et huit heures , un homme de la police alla au poste de la garde , arcade colbert, où il requit deux soldats de le suivre , pour arrêter deux enfans de dix à douze ans qui vendaient, contre les réglemens de polièe, diverses marchandises éta lées dans la rue vivienne. il ne fut pas difficile à ces trois individus d'arrêter deux enfaqs. par un effet de la peur, l'un d'eux tenta de s'enfuir dans la rue de richelieu : un des soldats , sans doute irrité de voir échapper son prisonnier , lui donna dans le bas-ventre un coup de baïonnette. l'en fant tombe dans la rue, la foule s'ameute , et 1 on s'aperçoit qu'il est dangereusement blessé. aussitôt plusieurs personnes , parmi lesquelles se trouve m. dubief, bijoutier, devant la boutique duquel se passe cette malheureuse scène , arrêtent les deux soldats , et les conduisent, chez le commissaire de police du quartier , ou l'on dresse procès- verbal de cet assassinat, plus de vingt témoins ont signé le procès-verbal. l'enfant blessé a été transporté sur-le-champ à l'hôtel-dieu , où , dit-on , il est mort dans la nuit. nous rendrons compte du jugement qui interviendra, aussitôt quo le conseil de guerre aura prononcé dans cette malheureuse affaire. — hier, à la suite d'une audience à huis-clos, en police correction» nelle, on avait condamné deux jeunes gens de mauvaise vie et de mœurs dépravées. aujourd'hui, la cour royale a confirmé un juge- - inent à six mois de prison, dont était appelante la femme laurence martin dufour, coupable d'avoir aidé et favorisé le libertinage d'une jeune orpheline de quinze à seize ans, qui était à son service. ■ — on se rappelle que rosamarcen, le jour du départ de la chaîne, fut arrêtée dans les environs de biçêtre, et relâchée ensuite. elle a été depuis arrêtée, et a paru aujourd'hui devant l'un de mm. le juges d'instruction. carette est aussi arrêté. —m. le directeur des ponts et chaussées a fait demander à mm. le» ingénieurs du département de tarn-et-garonne un projet pour con duire un embranchement du canal des deux mers de toulouse à mon- tauban. ' ' ' — nous apprenons de strasbourg que le nombre d'étrangers d« distinction qui s'y rendent, et surtout des pays du nord , est si consi dérable , que tous les hôtels sont remplis. la récolte du vin s'annonce sous les meilleurs auspices. — on écrit d'ostende qu'on travaille avec beaucoup d'activité a»x fortifications et au bassin de cette ville. les ouvrages sont dirigés par des ingénieurs anglais. — l'empereur alexandre est arrivé le 3 à varsovie. — dans sa séance générale du 20 septembre dernier, la société d'encouragement a décerné un prix de 1300 fr. à m. donault-wie- land, joaillier à paris, rue saint-antoine, n ig , pour la fabrication du strass et des pierres précieuses artificielles: une médaille de 5oo fr. à m. lanson, lapidaire , rue fontaine-au-roi, n°53 , pour le même objet ; une prime de 1200 fr. à m. rocheblave, d'a.lais, département	libertinage	1	1
le_courrier	1819-10-21	1	3	PAG_3_TB000025	276	1513	1652	2253	si i 'on en croyait la femme caudron , il y aurait déjà plus de trois ans que la femme dufour aurait , pour la première fois , prostitué marie lecoq. ainsi, cette enfant qui paraît avoir à peu près douze ans, et qui n en a que quatorze, avait a peine l'usage de sa raison lorsqu'on l'a intro-ouit.e dans la route du libertinage , peut-être hélas pour n'en sortir jamais.	libertinage	1	1
le_courrier	1819-10-27	1	2	PAG_2_TB000004	1416	1534	528	1740	? le constitutionnel descend tous les jours plus bas. on ne saurait plus douter du genre de succès auquel il prétend ; ce serait celui des feuil les à deux sous, s'il pouvait de même se faire crier dans les rues et proclamer à la porte des cabarets. les habitués de ces sortes de lieux pourraient sans doute aider notre mémoire à retrouver quel numéro du père duchesne ou quelle autre des dégoûtantes productions de la même époque a dlî fournir au constitutionnel l'original de son article de ce jour sur le salon d'un ministre; mais il serait difficile de s'arrêter aujourd'hui , même pour en faire justice, sur ces gaietés à faire mal au c?ur , sur ces vieux restes usés d'un libertinage révolutionnaire qui s'imagine encore être spirituel et plaisant en nous présentant, comme le constitutionnel, 11ft mousquetaire pris d'une s?ur converse , une carmelite er,& face d'ull tijeatùz , etc. on ne sonçe point d'ailleurs à en arrêter l'essor ou le succès ; on sait trop qu'il y a nécessairement, dans toute société nombreuse, une portion de sentimens vils que certaines gens auront intérêt à satisfaire , et des lâchetés de c?ur et d'esprit trop incapables de s'élever aux plaisirs de la liberté pour y chercher autre chose que ceux de la licence. on sait très-bien que tout parti, indifférent sur ses moyens d'action, renferme, dans son sein, de quoi payer le salaire des écrivains qui spéculent sur les corruptions de l'imagination et la bassesse des habitudes. il y aura donc encore long-temps un constitutionnel et un drapeau blanc. nous ne prétendons pas plus nous en plaindre que nous y opposer ; seulement nous ne voulons pas qu'ils passent tranquilles sans s'entendre constamment appeler par leur nom , et désigner pour ce qu'ils sont.	libertinage	1	1
constitutionnel	1819-10-30	1	4	Page1_Block3	688	1220	216	1734	arr tifereoâît •vfkiltt'prehdre médeejnfe ?'t«ut r rîëtait y pa$ pdû rf.-1'iétait : à «j11i'>6erait indisposé; l'hôpital passait'pourla meilleure àti- lerge qui fût àvingt lieues àlàronde; les (jliiciers-.supérieurs vc- ; liaient par, sensualité s'y mettr^aç^rçgyne,. i le djrççjtçur de ,1a maison f-ççujj.ihjl matin,, de uétat-major, la' lettre suivante;, qui , pour l'exactitude, des détails culinaires, pourrait i rivaliser mvefc les.deux..volumes publiés par beauviliiers. nous avtins ; i'daiw lés mains l'original de iaieêtre :  1 ■ ' ® 4 cdmûïë dès ,i mè^sletirs ^[tii vièn'nent avec ihoi déjeuneront àprfes t' « l'inspection, je^^u^ iuyijte.à me.faïrè préparer' .« en papillotes, pu^e îflpjutoh.rptiavéç une sauce pxqftantçjftt ^^- ' « sfeàçks à fângimsfa p'esfràndire, (nous transcrivons mot>ponr motjee | » texte inlêressai$)dumeiueur. bœuf possible, iui)j)eu gm&tercoup&à » la place, laplus tend.mde.la le le-, uipeu^ros et bien battus-avant -» de les griller let^ufli^d ^qitié grilléesd'ifnçô/é^le cuisinier les met n plat sur lequel il y a un petit morceau de beurre frais ', et	sensualité	1	1
le_courrier	1819-11-06	1	2	PAG_2_TB000015	468	1441	2133	876	f?m. le maire de nîmes, président honoraire de la coït royale de cette ville , chevalier de la légion-d'honneur, a fait publier et afficher, le 26 octobre, un avis sur la formation d'une nouvelle liste électorale, demandée par m. le ministre de l'inté.rieur , et que rendent indispensable les changemens qu'à dû subir , depuis le commencement de l'année 1817, le collège électo.ral du gard , par le dégrèvement opéré sur les contributions directes , les mutations dans les propriétés, les décès, les change. mens de domicile , elc.	coït	1	1
debats	1819-11-08	1	1	P1_TB00014	596	1124	1239	491	tique , «3s fabrication «le monnaie fausse , d'incendie,, de blasphérqes, de sodomie , «v vol , de subornations de témoibs , de rijalversations de depief publics ; sont aussi exceptés les vagabopds destinés à être conduits aux armées ou aux hospices. a?„. ce 'pardon 's'etèndl'à ég«4- le aient à tous les coupables fugitifs j, j absiens et rebelles ■ qui , dans l'espace de six mois , lorsqu'ils sont en espagne , et d'un an lorsqu'ils sont hors du royaume , se présenteront .devant une autorité, judiciaire , pour que celle-ci donne avis an tribunal auquel leur cause est pendante , agn que ce tribunal déclare qu'ils sont graciés. 3°. ne sont compris dans ce pardon , sauf les exceptions indiquées an premier article , que les crimes commis avant la publication de ce décret et non après. 4°- les condamnés aux prèsidei è\ aux ar«ynaux qui se trouvent en route , sont compris dans le pardon. s°. lors ju'il y a un tiers de lézé , le pardon n'aura son effet qu'avec le consentement de cette personne. » ( gazelle de madrid )	sodomie	1	1
le_courrier	1819-11-09	1	3	PAG_3_TB000027	528	1519	1605	1654	la gazette de madrid contient un décret royal, du 25 oc-tobre, accordant un pardon général, et comprenant tous les prisonniers qui n'ont pas commis les crimes de lèse-majesté divine et humaine, de haute trahison, de meurtre d'ecclésiastiques de fabr ication de monnaie fausse , d incendie , de blasphèmes, de , sodomie , de vol, de subornation de témoins, de malversations de deniers public; sont aussi exceptés les vagabonds destinés à être conduits aux armées .et aux hospices. le pardon s'étend à tous les coupables fugitifs , absens et rebelles , aux condamnés aux prrúí-des et aux arsenaux qui se trouvent en route.	sodomie	1	1
constitutionnel	1819-11-10	1	4	Page1_Block1	3742	1266	198	142	' t7p rmpîrc,fondé psr sop^cçuts ans tle victpir« t dictant se* lois k ; ja jjfns bfillç , à la pjuâ grande. partie, <k -l'univers connu -, dîsposurtl ..tlej trésors,toijni^edu.sang.jt vingt ppuples,, a succombé soiis le pqids sa «propre grandeiir, -divisé..par ses. maîtres , v déçhiré bientôt aprèjî pur des ennemis sains nom que'sa puissance avait .refoujes-aux boijnds ,,dp.pio^id»i,.,il f dispariiît,..aa milieu,jdqs-ruines j'et aux,lieux mêmes ou .^avaient «té posés.ses.glorieux. fondeiuens , dont l'orgueil et la sup'ei's- yiljtjsu.avnieijl proclamé. la dçu^&^tt'rn.ejlp , j'œil coafpqdu'décoy.vi'ef f assis,sur des .débris,, le, sérail et. sesscsclavos, le vatican et ses prètresi , ç'wt. ainsi,, co-ume l'a dtl montesquieu;,; qud le rliiii , à la fiu-de son cours.,..j;ij.iàjeaii .faible et obscur , s'ensevelit, daus lessables. •j.-» ■ <lg spetta.slii.de, cette grandeur çhangéeen de si.profondes misères,^ 4 ,<de cette gloire éteinte aju milieu de sanglantes ténèbre!;, es.t un de ces , -sujet}-t«uj©ur3;fév:oiids, toujours nouveaux, qui appellent tour-ii-tour l les méditations, du philosophe ,et jes burins de l'historien.; el .tondis que'celuî-cisuit et développe le..long enchaînement des scènes de celle ^ .grauje,«ataslrophe,,(l'autre en étudie les causes, en expose les ressorts ji lés plus secrets et transmet -à .l'avenir les trop souvent inutiles leçons -, ; du passé. , ... , , . , pareil les. écrivains que ce sujet a particulièrement occupes, on dis- (-,..tiugued':d.<qrd montesquieu-et,gfbbon. tous deux, en contemplant la décadence de l'empire, en ont aperçu les inêinos causes; .mais tari- j dis que.l'un les,euibrasseet les fixe avec le,regard; perçant et rapide de t l'aigle,.l'autre.les parcourt en ctétail, et s'arrête'longuement à,en re- ! , tracer, tous les résultats, teutes les conséquences; l'ouvrage de l'un est ...;<levj$tju'géuie.ij celui. 1 de l'autre, le produit laborieux de la patience et ..•du ipleilt.. . ■ ./ . . : • le dernier, auquel nous consacrons spécialement cet article ,- esf •aujourd'hui ..trop cou ml pour qnè le lecteur attende de nous uneana- ï-;lyse dél«illéç de l 'histoire delà décadence .et de la chute de l'empire si., làprnons-.nous ^.rappeler quels furent les, principes de destruction ».'qpii, agirent d'y ne. manière plus sensible sur çe gr.a'nd..corps , destiné, «,coinme toutes.les choses d'ici-bas , à parcourir le cercle inévitable de . la croissance , de la force et du dépérissement. . $ le premier de <,es germes fut la< discorde seçrète,, .l'opposition d'in- t , tèrets-entre le prince* et je séual., dont la politique tortueuse-d'au- i guste crut devoir faire ia.base du pouvoir impérial.-de là se>'suîvirent .•.l'avilissement el.la prosçription de ce=grand eorps, 'l'incertitude .et - bientôt les agitations liées du défaut de règles constitutionnelles dans «3la transmission du ipouvoii:, lainécessité. pour •l« ; priflce.dfi caresser jes . soldais , d'acheter leurs suffrages., l'insolence de ceux-ci, quiji de- venusi.les-courtiers.de l'empire, le mirent.à si hàrutprix , que ; selon «ja belle .expression de 'montesquieu j « ne pouvant subsister saiïs les i soldats, il ne pouvait subsister avec eux, » ■ . , comme si ce nîétait pas, assez que les armes qui protégeaient l'état ^fussent passées des 'mams amollies: des citoyens aux mains de mcrce- „■> naires corrompus ,-on mêla bienlotdans jes -rangsete ces dermérs les, barbares qui, initiés ainsi-aux.secrèts de l'art île la gueroe, acquirent - desiromains eux-mêines le moyen de les vaincre avec- le droit.je les tsanépriseto'mait: ces troupes étrangères, avilit de tirer l'épée polir leur ■propre compte, furent d'abord les auxiliaires de toutes les tyrannies , les inslruinens do toutes .les ré*\ olutions. ? :« jlieulôt apr,fes cou»lanim:ji#n transportant le siéga de l'empire aux coufins de l'europe et de l'asie , hâte la chute.de,lioaie sans apporter s un remède ellicace aux dangers qu'il avait prétendu écarter. le ,par- l»ge de i'ompire .achève de révéler rimminence de sa chute , et l'im- ; puissance des force».appelées à le soutenir contre l'arrêt des destins. ■ • ajoutez enfin , qae.t nidis que les ames épuisées par les fureurs des - guerres civiles ail'aiss'ées par les richesses de l'univers ou concentrées «• «iîlnshes jonissajir.es d'une philosophie voluptueuse se moulaient à -, l : envi aux ltm-mcs de la tyrannie, :il naissait, il croissait dans l'ombre '.et. lo silence une religionnouvelle,qui, aprèsavoir commencé par se.dé-; --claror'étraïigèj:e.aux intérêts: de ce monde , finit par soumettre le inonde à ses propres intérêts ; une religion qui ne prêchait à ses pre- .,-miers sectateurs qu'abnégation et patience; qui substituait dans-leurs , -eneurs la résignation ,à l'aner^ie, jt;ui les faisait courir aux humiliations .: comme h la gloire ; qui leur montrait enfin dans les. revers de l'em- < jiire et les malheurs.publics la nécessaire et juste exécution des-ven geances du ciel ; et vous aurez réuni les principales, les plus'efficaces • descausessous ,+esqn<îlles succomba ce coiosse de la graiulour ioifeaine r dontrla-chute bouleversa et agita si long-temps le monde. i** • , _ '<■ on peut reainnaître aujourd'hui que la manière neuve et libre avec , laquelle gibbon a traité de l'établissement du christianisme et-, de soir '<■ influence sur llordre politique , a été loin d'être aussi nuisible au «ùc:èj ! de.son on»rage-, qu'il parut le-craindre, lors des querelles que ce su- • jel lui suscita. ' ' . - •? •: - ■ . les chtipitoî qu'il y a consacrés (les i5° et 16 e de l'ouvrage) têrmi- » -rifiient les deux-volumes qu'il publia les premiers. ils élevèrent dé tous, i cotes côtitre le demù-philosophe un orage qui'lni fit regretter de! *' n'avoir jîa-s ; scion l'avis du .discret fonteneffe , fermé la main pleine de vérités. mais ces attaques imprudentes donnèrent à l'auteur.une ■ réputation'européenne ; - : «iais- ces critiques sont aujourd'hui à'peine •connues, et roliv'rage>ilt<iqiié est d.ins loutestes bibiiotbèque^ •« %- ' ' - ' revue • «l ùcc , ; , _ r i i\'ïiif'iirc t'u if. jirrviicj.'iliok du christianisme pav m. gui^ot. trciïè vol, • iu ; 8. a fa ris , 'li. 7. i.-.i'èvi'e, rue uej'epcrbu, n° 6> et chez môsigie j liou- i_ 'levai t! poisso jiii'ài'e , ii° 18. »%'  i - ^ . t , ■	voluptueuse	1	1
debats	1819-11-26	1	4	P4_TB00001	3788	1122	123	77	léon au niveau des ducange, des pelau , dçs reiskc et des banduri, ces docles cainmenluteurj de l'ancienne byzantine. aucun mot difficile ou intéressant qu'il ne l'ait expliqué; souvent même il en a tracé l'h'is>oire depuis lés premières origines de la littérature grecque jusqu'aux derniers siècles byzantins. bans une traduction fidèle et claire, il a eu à lutter avec le style inégal et bizarre de l'original; ii y a introduit autant d'élégance que la (idcli é le permettoit.* sa préface nous le fait d'ailleurs connoitre comme écrivain latin du premier ordre; on n'y trouve rien qui ne respire l'antiquité la plus classique. mais dans un journal quotidien , ce que nos lecteurs attendent, ce n'esl pas de la philologie grecque; d'ailleurs, nous n'oserions pas en parler vis-à-vis d'un helléniste aussi consommé ; ce (pie notre classe de lecteurs demande , c'est unaperçu de quelques uns dés traits intéressons pour l'histoire et la morale qui se trouvent dans l'ouvrage de léon. l'usurpation de nicéphore phocas, aidé de l'intrigante et voluptueuse lacédémoniennc , l'lmpératrice tliéophano, les guerres heureuses de nicéphore contre les sarrasins dans l'île de crète, en asie - mineure et en syrie; son assassinat par un'autre usurpateur, ip vaillant.et habile jean tzimisces, la disgrâce de la perfide tliéophano, l'invasion de la bulgarie par le grandduc de russie , sviailôslaw i, la défaite de cet audacieux conquérant, arrièré-petit-fils du scandinave rourik, la môrt du vainqueur des russes, empoisonné par un vil eunuque, tels sont les grands'el tragiques évéuemens qui, malgré le style byzantin de léon diacre , font lire cette histoire avec l'intérêt qu'inspire une vie de plutarque. . i -, * nicéphore phocas est un des souverains les plus remplis de mérite que l'enipire d'orient aitpossédés. guerrier habile et heureux, il portail le eilice et observoil les règles du jeûne et de l'abstinence comme ùn moine. ayant mis les bottines rouges , marque du pouvoir souverain, il annonce qu'il veut continuer sa vie monacale ; mais les ecclésiastiques eux-mêmes rengagent d manger de la viande et à prendre femme. il épouse la veuve de romain 11, mais tout-à-coiip le patriarche préténd qu'aya.ntiété parrain des enfans de celle princesse , nicéphore counnettroit jiresqu'un inceste en l'épousant ; la conscience de ce prélat est pourlant tranquillisée et le mariage solennisé. toutes ces,petites discussions peignent très bien la situation morale et politique de l'empiré. , dans l'histoire des expéditions de nicéphore en asie , on remarque la sévérité avec laquelle cet empereur mainlenoit la discipline. un soldai . ayant jeté pendant là marche son bouclier , il ordonna à un officier de le faire passer par les verges et de lui couper le nez. l'officier n'exécuta pas l'ordre; le lendemain , il eut lui-même le nez coupé. tandis que les coutumes militaires des grecs les rapprochoient des nations barbares , ,les habilans de byzanee , amollis par le luxe, trembloient àla vue d'un glaive nu. l'empereur leur ayant donné le spectacle d'un combat de cavalerie , ils er.urent un instant que le combat devenoit serieux, et s'enfuirent a toutes jambes jusque dans leurs maisons. ils n'en étoient pas moins enclins à la révolte. nicéphore , dont ils blâmoient la sage économie , méprisa- leurs murmures; nais un jour une femme du peuple poussa la licence jusqu'à lui lancer des pierres. de tout temps, les peuples les plus efféminés ont conservé le goût de 1 anarchie et un vif penchant aux révolutions. . . • • ' celle qui fit perdre à nicéphore le trône avec la vie , offre dans léon diacre des circonstances très dramatiques , ignorées pat- gibbon. c'est une scène d'horreur, digne du pinceau tragique de corneille. la perfide impératrice qui laisse ouverte la porte de la chambre à coucher de nicéphore, le monarque lisant les ecritures saintes devant l'image de }a sainte vierge , jusqu à une heure avancée delà nuit, et se couchant par terré sur une peau de panthère; ce ciel bruineux et obscurci jpàr la neige qui tombe à gros flocons; cette barque, chargée d assassins, qui s'avance sur lé bosphore; ces traîtres qui se glissent, à la faveur des ombres de la nuit, dans le palais, grimpant sur une échelle de corde que les femmes de l'impératrice leur jettent, se donnant des signaux par des coups de sifflets; zimiscés arrachant la barbe à l'infortuné rhocas cl lut posant son pied sur la poitrine , tout excite l'horreur et la pitié; tout attache comme un récit de plnlarque ou d hérodote , quoique dans une diction qui n'a rien de l'élégance attique ni de là douceur ionienne. mais la figure la plus intéressante dans le tableau historique de léon diacre, c'est ce priuce scandinave, conduisant les russes et beaucoup d'autres nations guerrières sur les bords du danube et jusque dans les montagnes de la thrace. on reconnoît ici le caractère aventureux des guerriers du nord , de ces fameux varègues montés sur les trônes de novogorod et de kiew. îsviaiioslaw est le premier descendant de rurik qui ait pris un nom slavon ; mais les valeureuses bandes qu'il conduisoit paraissent encore avoir conservé plusieurs traits physiques et moraux qui attestent leur origine scandinave. ils avoieni les yeux bleus , 'et la chevelure blonde ou rousse; i|s ne combatloienl qnà pied, mais ils descendoient le dnieper en bateaux; eest en bateaux-qu'ils remontent le danube ; igor, dont le véritable nom est ingwor, père de sviaitoslàw, àvoil conduit une flotte de mille barques jusque sous les murs de constanlinople, ou le feu grégeois l'avoit détruite. dans les combats, leur courage ressembloit à une sorte de démence, précisément comme celle qu'on attribue aux ber-	voluptueuse	1	1
debats	1819-12-13	1	2	P2_TB00002	1086	1122	113	2805	politiques , n'attrape un peu de ■gloire dans ,1a distrihuliou générale? !et homère lui-même:, s'il habitoij, le lot ou le tarn, ne paryiiendroit pas même à se faille annoncer. si. apgustc'hùs j quin'gst coqn,i^ùvllf r s art, étpitcitë l'autre jour dans un journal ,• tandis que,al, pabouisse, ont la réputation est si étendue dans le département de l'aude , qui fait tant de bruit depuis inarbonne jusqu'à carca*.sonne , n'a' nu eneore obtenir une ligne même de critique. qui sait a 'paris ~ qu? 1e.% juillet ifrîsil est entré dans sa quarantième anuée , çt.que , pour célébrer cette hcureuse.époque, il a composé un petit poème , intitulé mes quarante ans ? il y a pourtant ttyns ce poème de jolis vers , des •vers que nos poètes parisiens voudraient bien avoir faits. mais l'ensemble tfè*cet te pièce manque de clarté et surtout de liaison. -ut première moitié est un iiiunumeut qu'il élève aux vertus de sa femme; et la seconde, une espèce de pétition qu'il adresse aux électeurs de l'arriége , afin qu'ils le nomment député ; il entremêle l'éloge de son épouse efèefui de la ghpte. il faut sans doute être fidèle à i'uufi comme à l'autre,; on peut mênie tes-conïondre dans son amour ; mais il rie'faut pas les confondre dans ses vers. '<  • je' vtiis tiàns les notes que m. liabouisse est n'onuu'.dans l'arriége sous le nom du 'tibiilu tje i hymenre. c'est ,ûu surnom bien glorieux sans doute; mais il doit être, surtout pour iw. labouisse, du avertissement éternel que, pour égaler son rival,' le moyen le plus sûr est *îe suivre son exemple; et comme le tibullè de lainour ne célé'broit flans sos-poésies erotiques que les charmes dp ses maîtresses, letibutle de riiyméaée né doit chanter dans ses vers tnoraui que lés vertus de sa femme. si m.-laboiiisse persiste à faire des éjègiès politiques , je ne répondà plus de rien, et je suis parfaitement de sou avis quand il (fit isa muse : péut-être même au feu livrera-t-on tes jours, 'ou verras-lu chez la beutrièro -	erotiques	1	1
debats	1819-12-20	1	1	P1_TB00019	1075	1138	1259	2868	un homme qui possède d'immenses rlchessès, et qui sait eà faire qui usage honorable , étoit, il y a quelques jours , â la bourse ,ét s'am«- soità jouer la hausse. un de ses amis lé rencontra , et lui dit ;• « commuent, aussi riche que vous l'êtes, venez-vous encore ici tenter les hasards de la fortunef» « vous avez raison, répondit-il; mais, que voulez-vous ? je suis ennuyé de tout, 'blasé sûr tout ; je cherche partout des mouvemens violens qui tirent mes sens paresseux de cet engourdissement ; et du moißs , quand je perds îcï quelque grosse somme, ( éprouvé une émotion quelconque. » tel est i peu près aujourd'hui 1 état moral de la france; non pas qu'elle soit fatiguée de son borjw. heur et ennuyée de ses richesses; mais d'epàis quelques années, agi,tg e molemftient dans tous les sens,' elle s'est fait pour ainsi d'ire une l>s.'bîtude des émotions violentes. il lui faut des convulsions , comme '.llfaut des liqueurs tories à un homme dont le palais usé trouve, insipi'à iout ce qui ne réveille pas sa sensualité morlè : elle vôit avec plai.gir une révolution de cabinet, tirl mouvement dans les affaires puïiliaues comme un matelot enchaîné sur une mer ini'iiiobile appelle paçsœux la tempête. aussi la politique seule a des charmes pour nous seule elle est 1 ébielde nos conversations et de nos lectures, parce que seule elle nous ottre ces secousses que nous recherchons si avidement;; et la littécalrni-' n ° us paroit blen avec ses plaisirs purs et ses jouissance* 11 est pourtant encore quelques uns èe ces amans intrépides des lettre, que l mditterence générale pour la littérature n'a pu découra, ger. quand ils ont vu le domaine des muses envahi' par la politique ils se sont retirés dans la s.litudè de leur cabinet avec le feu sacré' comme au moyen âge, lorsque les barbares euvabissoieut l'laimet la gvere . quelques, savans âlloie'nt ca_cber dans les déserts le précieux, depôlfdés connoissanc.es hdtaaiftts. fartai ces sfevs fortes, il foot «m*	sensualité	1	1
le_courrier	1819-12-21	1	4	PAG_4_TB000022	631	1489	2098	1602	de l'esprit, beaucoup d'esprit, et d'heureuses dispositions poétiques, voilà ce qui distingue ce petit poëme , remplis de jolis détails , mais dont le plan et le dénouement surtout sont d'une faiblesse extrême. l'auteur, qui n'a que vingt et un ans, rappelle souvent l'ettigant badinage de marot : mais nous oserons lui reprocher franchement une sorte de cynisme, qui se montre, à la vérité, dans ses idées plutôt que dans ses expressions. ce libertinage d'esprit était fort à la mode dans le siècle passé ; laissons-lui ce triste avantage. sachons aujourd'hui respecter toul ce qui est respectable. heureux qui peut, comme jean-jacques, se rendre le témoignage de n'avoir jamais , dans ses discours ou dans ses f'crits, jeté le plus petit ridicule sur la plus petite vertu !	libertinage	1	1
